Num_Acc,an,mois,jour,hrmn,lum,agg,int,atm,col,com,adr,gps,lat,long,dep,catr,voie,v1,v2,circ,nbv,pr,pr1,vosp,prof,plan,lartpc,larrout,surf,infra,situ,env1
201100004228,11,3,24,15,5,2,1,1.0,6.0,480,Av du G?n?ral de Gaulle,M,0.0,0.0,330,3,19.0,,,2.0,2.0,0.0,0.0,0.0,1.0,1.0,0.0,64.0,1.0,0.0,3.0,0.0
201100004229,11,4,16,2000,1,1,1,1.0,6.0,426,,M,0.0,0.0,330,3,245.0,,,2.0,2.0,0.0,0.0,0.0,1.0,2.0,0.0,0.0,1.0,0.0,3.0,0.0
201100004230,11,4,21,2345,4,2,1,1.0,6.0,437,"2 Route de coutras, D 17",M,0.0,0.0,330,3,17.0,,,2.0,2.0,31.0,400.0,0.0,1.0,1.0,0.0,0.0,1.0,0.0,1.0,0.0
201100004231,11,5,11,1130,1,2,1,1.0,6.0,108,rue Michel Montaigne,M,0.0,0.0,330,3,936.0,,,2.0,2.0,0.0,0.0,0.0,1.0,1.0,0.0,0.0,1.0,5.0,1.0,0.0
201100004232,11,5,24,1815,1,1,8,1.0,3.0,394,,M,0.0,0.0,330,4,22.0,,,2.0,2.0,0.0,0.0,0.0,1.0,1.0,0.0,42.0,1.0,4.0,1.0,0.0
201100004233,11,8,6,1115,1,1,1,1.0,6.0,108,,M,0.0,0.0,330,3,119.0,,,2.0,2.0,16.0,860.0,0.0,2.0,1.0,0.0,42.0,1.0,0.0,1.0,99.0
201100004234,11,8,12,1130,1,2,1,1.0,1.0,437,14 avenue de l'Europe,M,0.0,0.0,330,3,936.0,,,2.0,2.0,0.0,0.0,0.0,1.0,1.0,0.0,69.0,1.0,0.0,1.0,0.0
201100004235,11,8,19,1830,1,2,1,7.0,3.0,108,,M,0.0,0.0,330,3,936.0,,,2.0,0.0,0.0,0.0,0.0,1.0,1.0,0.0,98.0,1.0,5.0,1.0,99.0
201100004236,11,9,3,30,3,1,1,1.0,5.0,437,,M,44.859,-0.086,330,3,936.0,,,2.0,2.0,0.0,0.0,0.0,1.0,1.0,0.0,106.0,1.0,0.0,1.0,99.0
201100004237,11,9,17,1345,1,1,2,1.0,3.0,108,,M,0.0,0.0,330,4,205.0,,,2.0,0.0,0.0,0.0,0.0,1.0,1.0,0.0,48.0,1.0,0.0,1.0,0.0
201100004238,11,10,6,1745,1,2,1,8.0,3.0,437,12 avenue Gal de Gaulle,M,0.0,0.0,330,3,130.0,,,2.0,2.0,11.0,300.0,0.0,1.0,1.0,0.0,53.0,2.0,0.0,1.0,99.0
201100004239,11,10,7,2145,3,1,9,1.0,6.0,480,,M,0.0,0.0,330,3,122.0,,,2.0,0.0,0.0,0.0,0.0,1.0,1.0,0.0,55.0,1.0,2.0,0.0,99.0
201100004240,11,11,12,1615,1,1,1,1.0,4.0,394,,M,0.0,0.0,330,3,670.0,,,2.0,2.0,25.0,900.0,0.0,1.0,1.0,0.0,70.0,1.0,0.0,1.0,99.0
201100004241,11,11,29,900,1,2,1,1.0,5.0,480,,M,0.0,0.0,330,3,670.0,,,2.0,2.0,0.0,0.0,0.0,1.0,0.0,0.0,0.0,1.0,0.0,1.0,0.0
201100004242,11,12,7,1845,5,2,1,1.0,6.0,461,lieu dit Minge Chaude,M,0.0,0.0,330,3,123.0,,,2.0,0.0,0.0,0.0,0.0,1.0,1.0,59.0,0.0,1.0,0.0,1.0,0.0
201100004243,11,12,10,1745,2,2,1,8.0,1.0,437,BLANZAC,M,0.0,0.0,330,3,17.0,,,2.0,2.0,30.0,970.0,0.0,1.0,1.0,0.0,70.0,1.0,0.0,1.0,0.0
201100004244,11,12,21,1630,1,1,1,2.0,1.0,437,,M,0.0,0.0,330,3,130.0,,,2.0,0.0,0.0,0.0,0.0,1.0,3.0,0.0,55.0,2.0,0.0,1.0,99.0
201100004245,11,1,15,2330,5,1,1,5.0,6.0,154,,M,0.0,0.0,330,3,674.0,,,2.0,2.0,6.0,800.0,0.0,1.0,3.0,0.0,65.0,1.0,0.0,3.0,0.0
201100004246,11,2,15,1500,1,1,1,2.0,2.0,1,,M,0.0,0.0,330,3,17.0,,,2.0,0.0,0.0,0.0,0.0,1.0,1.0,0.0,59.0,2.0,5.0,1.0,99.0
201100004247,11,4,17,1215,1,2,1,1.0,3.0,138,chemin de Couperie Nord,M,0.0,0.0,330,4,224.0,,,2.0,0.0,0.0,0.0,0.0,2.0,1.0,0.0,45.0,1.0,0.0,1.0,0.0
201100004248,11,5,28,1930,1,1,1,1.0,6.0,154,,M,0.0,0.0,330,3,674.0,,,2.0,2.0,0.0,0.0,0.0,1.0,1.0,0.0,0.0,1.0,0.0,3.0,0.0
201100004249,11,7,3,1230,1,1,1,1.0,2.0,124,,M,0.0,0.0,330,4,116.0,,,2.0,1.0,0.0,0.0,0.0,1.0,1.0,0.0,0.0,1.0,0.0,1.0,99.0
201100004250,11,8,1,1815,1,1,1,1.0,2.0,154,,M,0.0,0.0,330,3,674.0,,,2.0,0.0,0.0,0.0,0.0,1.0,1.0,0.0,0.0,1.0,0.0,1.0,0.0
201100004251,11,8,7,1700,1,1,1,1.0,3.0,138,,M,0.0,0.0,330,3,10.0,,D,2.0,2.0,0.0,0.0,0.0,4.0,2.0,0.0,65.0,1.0,0.0,1.0,0.0
201100004252,11,12,19,1715,2,2,1,2.0,6.0,138,63 Rue Baste,M,0.0,0.0,330,3,17.0,,,2.0,0.0,6800.0,0.0,0.0,1.0,2.0,0.0,150.0,2.0,0.0,1.0,0.0
201100004253,11,2,4,1730,1,1,1,8.0,1.0,445,,M,45.038,-0.262,330,3,10.0,,,2.0,2.0,25.0,550.0,0.0,2.0,1.0,0.0,63.0,1.0,5.0,1.0,99.0
201100004254,11,2,5,1430,1,2,1,1.0,7.0,218,7 LE BOURG,M,0.0,0.0,330,3,17.0,,,2.0,2.0,2.0,800.0,0.0,3.0,3.0,0.0,73.0,1.0,0.0,1.0,0.0
201100004255,11,6,30,1,3,1,1,1.0,5.0,393,,M,0.0,0.0,330,3,1089.0,,,2.0,2.0,18.0,125.0,0.0,1.0,1.0,83.0,0.0,1.0,5.0,1.0,99.0
201100004256,11,7,26,830,1,1,1,2.0,6.0,393,,M,44.97,-0.223,330,3,910.0,,,2.0,2.0,15.0,100.0,0.0,1.0,1.0,0.0,81.0,2.0,0.0,0.0,0.0
201100004257,11,8,20,1200,1,1,1,1.0,6.0,393,,M,0.0,0.0,330,3,1089.0,,,2.0,2.0,0.0,0.0,0.0,1.0,0.0,0.0,76.0,1.0,0.0,3.0,99.0
201100004258,11,8,29,1715,1,1,1,1.0,1.0,393,,M,0.0,0.0,330,3,910.0,,,2.0,0.0,0.0,0.0,0.0,1.0,1.0,0.0,0.0,1.0,0.0,1.0,0.0
201100004259,11,9,2,2130,3,1,1,1.0,6.0,34,,M,0.0,0.0,330,4,0.0,,,2.0,0.0,0.0,0.0,0.0,1.0,1.0,0.0,0.0,1.0,0.0,1.0,99.0
201100004260,11,9,30,1415,1,1,1,1.0,1.0,393,,M,0.0,0.0,330,2,1089.0,,,2.0,0.0,0.0,0.0,0.0,0.0,1.0,0.0,0.0,1.0,0.0,1.0,0.0
201100004261,11,1,29,1600,1,1,1,2.0,5.0,378,,M,44.84,0.27,330,3,936.0,,,2.0,2.0,0.0,0.0,0.0,1.0,1.0,0.0,67.0,2.0,0.0,1.0,0.0
201100004262,11,3,5,1530,1,2,1,1.0,1.0,402,Rue de la R?publique,M,0.0,0.0,330,9,0.0,,,1.0,0.0,0.0,0.0,0.0,1.0,0.0,0.0,41.0,1.0,0.0,1.0,99.0
201100004263,11,5,9,815,1,1,1,1.0,6.0,324,,M,44.834,0.246,330,3,18.0,,,2.0,2.0,0.0,0.0,0.0,1.0,1.0,0.0,45.0,1.0,0.0,3.0,99.0
201100004264,11,6,16,1600,1,1,1,1.0,1.0,324,,M,44.845,0.25,330,3,936.0,,,2.0,2.0,53.0,300.0,0.0,1.0,1.0,0.0,120.0,1.0,0.0,1.0,0.0
201100004265,11,7,26,2115,2,1,1,3.0,6.0,378,,M,0.0,0.0,330,3,936.0,,,2.0,2.0,0.0,0.0,0.0,1.0,1.0,0.0,63.0,8.0,0.0,0.0,0.0
201100004266,11,9,18,1930,1,1,1,1.0,6.0,168,,M,0.0,0.0,330,4,22.0,,,2.0,1.0,0.0,0.0,0.0,2.0,3.0,0.0,30.0,2.0,0.0,1.0,99.0
201100004267,11,10,13,1645,1,2,1,1.0,6.0,324,Carrefour du Priolat,M,0.0,0.0,330,3,672.0,,,2.0,2.0,0.0,0.0,0.0,1.0,1.0,25.0,165.0,1.0,0.0,1.0,0.0
201100004268,11,12,4,1130,1,2,1,2.0,6.0,324,CD672,M,44.825,0.195,330,3,672.0,,,2.0,1.0,2.0,700.0,0.0,0.0,3.0,0.0,70.0,2.0,0.0,3.0,0.0
201100004269,11,2,16,2130,5,1,1,1.0,3.0,332,,M,0.0,0.0,330,3,10.0,3.0,,2.0,0.0,10.0,3.0,0.0,3.0,1.0,0.0,0.0,1.0,5.0,1.0,99.0
201100004270,11,4,5,2100,2,1,1,1.0,6.0,261,,M,0.0,0.0,330,3,17.0,,,2.0,2.0,0.0,0.0,0.0,1.0,1.0,0.0,56.0,1.0,0.0,1.0,0.0
201100004271,11,4,23,2130,5,2,2,1.0,1.0,320,,M,0.0,0.0,330,3,121.0,,,2.0,2.0,0.0,0.0,0.0,1.0,1.0,0.0,63.0,1.0,0.0,1.0,0.0
201100004272,11,5,18,2200,3,1,1,1.0,7.0,166,,M,0.0,0.0,330,3,21.0,,E,2.0,2.0,3.0,750.0,0.0,0.0,3.0,0.0,100.0,1.0,0.0,0.0,0.0
201100004273,11,2,24,1145,1,1,1,2.0,3.0,317,,M,0.0,0.0,330,3,18.0,,,2.0,2.0,45.0,700.0,0.0,0.0,1.0,0.0,0.0,2.0,0.0,1.0,0.0
201100004274,11,3,22,915,1,1,9,1.0,6.0,317,,M,0.0,0.0,330,3,18.0,,,2.0,2.0,46.0,150.0,0.0,0.0,1.0,0.0,70.0,1.0,0.0,1.0,0.0
201100004275,11,6,3,1300,1,1,1,1.0,3.0,179,,M,0.0,0.0,330,3,18.0,,,2.0,0.0,0.0,0.0,0.0,1.0,1.0,0.0,65.0,1.0,0.0,1.0,0.0
201100014539,11,5,15,1130,2,1,1,7.0,6.0,97,,M,45.108,-1.146,330,4,0.0,,,2.0,2.0,0.0,0.0,0.0,0.0,2.0,0.0,35.0,1.0,0.0,3.0,0.0
201100014540,11,5,16,1500,1,2,1,7.0,6.0,203,Rue du lac,M,45.189,-1.058,330,4,0.0,,,2.0,2.0,0.0,0.0,0.0,1.0,1.0,0.0,48.0,1.0,0.0,1.0,0.0
201100014541,11,5,21,745,1,1,1,1.0,7.0,97,,M,45.097,-0.909,330,3,104.0,,,2.0,2.0,21.0,50.0,0.0,1.0,1.0,35.0,0.0,1.0,0.0,1.0,0.0
201100014542,11,5,28,430,3,1,1,1.0,1.0,214,,M,0.0,0.0,330,3,104.0,,E,2.0,2.0,15.0,0.0,0.0,1.0,1.0,0.0,56.0,1.0,0.0,1.0,0.0
201100014543,11,7,18,1500,1,1,1,8.0,1.0,333,,M,44.83,-1.12,330,3,3.0,,,2.0,0.0,71.0,58.0,0.0,1.0,1.0,0.0,58.0,1.0,0.0,1.0,99.0
201100014544,11,9,7,230,5,2,1,1.0,6.0,901,Av. du lt Princeteau,M,0.0,0.0,330,4,98.0,,,1.0,1.0,0.0,0.0,0.0,2.0,1.0,0.0,80.0,1.0,0.0,1.0,0.0
201100014545,11,10,9,1615,1,2,1,2.0,7.0,214,3 route de l atlantique,M,0.0,0.0,330,3,6.0,,,2.0,2.0,0.0,0.0,0.0,0.0,3.0,0.0,63.0,2.0,0.0,3.0,0.0
201100014546,11,10,18,1930,5,2,1,1.0,1.0,333,24 AVENUE DE BORDEAUX,M,0.0,0.0,330,3,107.0,,,2.0,0.0,0.0,0.0,0.0,1.0,1.0,0.0,0.0,1.0,0.0,1.0,99.0
201100014596,11,2,23,1115,1,2,3,2.0,3.0,199,Allée de Malpont,M,0.0,0.0,330,4,0.0,,,2.0,2.0,0.0,0.0,0.0,1.0,1.0,0.0,57.0,2.0,0.0,1.0,0.0
201100014597,11,3,6,130,3,1,1,1.0,7.0,199,,M,44.622,-1.106,330,9,0.0,,,2.0,2.0,0.0,0.0,0.0,1.0,1.0,0.0,53.0,1.0,2.0,1.0,0.0
201100014598,11,3,6,1745,1,1,1,1.0,1.0,527,,M,44.632,-1.012,330,3,650.0,,,2.0,0.0,0.0,0.0,1.0,0.0,1.0,0.0,65.0,1.0,0.0,1.0,0.0
201100014599,11,5,25,1100,1,2,1,1.0,3.0,199,Ave de Cesaree,M,0.0,0.0,330,4,0.0,,,2.0,2.0,0.0,0.0,0.0,1.0,1.0,0.0,50.0,1.0,0.0,1.0,0.0
201100014600,11,6,12,700,2,1,9,1.0,1.0,199,,M,0.0,0.0,330,3,652.0,,,2.0,3.0,0.0,0.0,0.0,1.0,1.0,0.0,0.0,1.0,5.0,1.0,99.0
201100014601,11,7,29,2145,5,2,6,1.0,3.0,527,grangeneuve,M,44.624,-1.03499,330,4,0.0,,,2.0,2.0,0.0,0.0,0.0,1.0,1.0,0.0,60.0,1.0,5.0,1.0,0.0
201100014602,11,9,9,1515,1,2,2,1.0,3.0,199,Bd de la c?te d'argent,M,44.644,-1.04499,330,3,650.0,,,2.0,2.0,0.0,0.0,0.0,0.0,1.0,0.0,46.0,1.0,0.0,1.0,0.0
201100016503,11,1,6,1345,1,1,1,1.0,2.0,85,,M,44.774,-0.493,330,3,10.0,,,2.0,2.0,83.0,964.0,0.0,1.0,1.0,0.0,63.0,2.0,0.0,1.0,0.0
201100016504,11,1,15,945,1,1,1,5.0,3.0,85,,M,44.779,-0.492,330,3,10.0,,,2.0,2.0,83.0,500.0,0.0,1.0,1.0,0.0,67.0,2.0,0.0,1.0,0.0
201100016505,11,4,2,1030,1,2,1,1.0,2.0,65,Chemin de la Matte,M,44.812,-0.516,330,4,0.0,,,2.0,2.0,0.0,0.0,0.0,1.0,1.0,0.0,62.0,1.0,0.0,1.0,0.0
201100016506,11,4,21,1930,1,2,1,7.0,6.0,65,Chemin de la Matte,M,44.814,-0.509,330,9,0.0,,,0.0,2.0,0.0,0.0,0.0,1.0,1.0,0.0,53.0,1.0,0.0,1.0,99.0
201100016507,11,7,24,645,1,1,1,1.0,1.0,349,,M,44.763,-0.47,330,4,0.0,,,2.0,2.0,0.0,0.0,0.0,1.0,3.0,0.0,56.0,1.0,0.0,1.0,99.0
201100016508,11,10,24,745,1,1,3,1.0,1.0,234,,M,44.802,-0.516,330,3,803.0,,,1.0,1.0,2.0,110.0,1.0,1.0,1.0,0.0,64.0,1.0,0.0,1.0,0.0
201100016509,11,11,10,2230,5,2,1,1.0,6.0,118,avenue de la R?publique,M,44.784,-0.461,330,4,0.0,,,2.0,2.0,0.0,0.0,0.0,1.0,1.0,0.0,70.0,1.0,0.0,1.0,0.0
201100016687,11,1,13,1845,2,2,1,5.0,3.0,229,Rte du Pont des chèvres,M,44.716,-1.04099,330,4,0.0,,,2.0,2.0,0.0,0.0,0.0,1.0,1.0,0.0,63.0,1.0,0.0,1.0,0.0
201100016688,11,1,28,1015,3,1,1,1.0,6.0,5,,M,44.782,-1.032,330,3,106.0,,,3.0,4.0,0.0,0.0,3.0,1.0,1.0,30.0,80.0,1.0,0.0,1.0,99.0
201100016689,11,3,12,930,1,2,2,1.0,5.0,5,Boulevard de la R?publiq,M,44.735,-1.078,330,3,3.0,,,2.0,2.0,0.0,0.0,0.0,1.0,1.0,0.0,68.0,1.0,0.0,1.0,0.0
201100016690,11,3,16,1030,1,2,1,1.0,3.0,5,121 avenue de Bordeaux,M,44.752,-1.085,330,3,215.0,,,2.0,2.0,3.0,500.0,0.0,1.0,1.0,0.0,60.0,1.0,0.0,1.0,0.0
201100016691,11,4,5,945,1,2,1,1.0,6.0,5,Av. J. M. DESPAGNE,M,44.749,-1.101,330,3,215.0,,E,2.0,3.0,0.0,0.0,3.0,1.0,1.0,0.0,81.0,1.0,5.0,1.0,0.0
201100016692,11,4,10,1,3,1,1,1.0,3.0,5,,M,44.76,-1.114,330,3,3.0,,,2.0,2.0,0.0,0.0,0.0,1.0,1.0,0.0,50.0,1.0,0.0,1.0,0.0
201100016693,11,5,29,1845,1,1,1,1.0,6.0,229,,M,44.787,-0.935,330,3,106.0,,,3.0,2.0,29.0,800.0,0.0,1.0,1.0,0.0,73.0,1.0,0.0,3.0,99.0
201100016694,11,6,2,2030,1,2,1,1.0,7.0,229,,M,44.714,-1.03699,330,4,0.0,,,2.0,2.0,0.0,0.0,0.0,0.0,1.0,0.0,53.0,1.0,5.0,1.0,0.0
201100016695,11,6,24,1230,1,2,1,1.0,3.0,5,Ave Jean Marcel DESPAGNE,M,44.753,-1.096,330,3,215.0,,,2.0,2.0,4.0,500.0,1.0,1.0,1.0,0.0,56.0,1.0,5.0,1.0,0.0
201100016696,11,6,27,2045,5,2,1,1.0,7.0,229,avenue charles de gaulle,M,0.0,0.0,330,3,3.0,,,0.0,0.0,0.0,0.0,0.0,1.0,1.0,65.0,0.0,1.0,0.0,1.0,0.0
201100016697,11,8,24,1630,1,1,1,1.0,2.0,229,,M,44.725,-1.022,330,3,106.0,,,2.0,2.0,28.0,0.0,0.0,1.0,1.0,61.0,70.0,1.0,3.0,1.0,0.0
201100016698,11,8,29,1500,1,1,1,1.0,2.0,229,,M,44.782,-1.004,330,3,106.0,,,3.0,4.0,0.0,0.0,0.0,1.0,1.0,61.0,75.0,1.0,0.0,1.0,0.0
201100016699,11,9,13,1130,1,2,1,1.0,6.0,5,boulevard R?publique,M,44.745,-1.097,330,3,3.0,,,4.0,3.0,82.0,782.0,0.0,1.0,1.0,0.0,86.0,1.0,5.0,1.0,99.0
201100017245,11,1,14,1000,1,1,1,5.0,4.0,465,,M,0.0,0.0,330,1,62.0,,,3.0,4.0,0.0,0.0,0.0,1.0,1.0,0.0,0.0,1.0,0.0,1.0,99.0
201100017246,11,5,2,2015,1,1,1,1.0,2.0,343,,M,0.0,0.0,330,1,62.0,,,3.0,0.0,27.0,950.0,0.0,1.0,1.0,0.0,67.0,1.0,0.0,1.0,0.0
201100017247,11,5,3,1145,1,1,1,1.0,6.0,205,,M,44.608,-0.366,330,1,62.0,,,3.0,0.0,25.0,500.0,0.0,1.0,1.0,20.0,70.0,1.0,3.0,3.0,0.0
201100017248,11,6,17,1015,1,1,1,1.0,3.0,337,,M,0.0,0.0,330,1,62.0,,,3.0,2.0,0.0,0.0,0.0,1.0,1.0,0.0,0.0,1.0,0.0,2.0,0.0
201100017249,11,7,23,800,1,1,1,1.0,6.0,474,,M,44.663,-0.451,330,1,62.0,,,3.0,0.0,0.0,0.0,0.0,1.0,1.0,0.0,0.0,1.0,7.0,1.0,0.0
201100017250,11,8,26,1515,1,1,1,1.0,7.0,50,,M,44.536,-0.167,330,1,62.0,,,3.0,0.0,43.0,355.0,0.0,1.0,1.0,20.0,70.0,1.0,0.0,3.0,0.0
201100017251,11,11,28,630,3,1,1,5.0,7.0,144,,M,44.375,-0.229,330,1,65.0,,,3.0,2.0,19.0,900.0,0.0,1.0,1.0,35.0,70.0,1.0,0.0,3.0,0.0
201100017252,11,11,28,1345,1,1,1,1.0,6.0,155,,M,44.333,-0.227,330,1,65.0,,,3.0,0.0,25.0,700.0,0.0,1.0,1.0,27.0,108.0,1.0,0.0,3.0,0.0
201100017499,11,1,15,1800,2,1,1,1.0,6.0,284,,M,0.0,0.0,330,1,660.0,,,1.0,2.0,6.0,0.0,0.0,1.0,1.0,0.0,0.0,1.0,0.0,3.0,0.0
201100017500,11,2,10,800,1,1,1,1.0,6.0,42,,M,44.5,-0.837,330,1,63.0,,,1.0,2.0,41.0,950.0,0.0,1.0,1.0,100.0,74.0,1.0,0.0,1.0,99.0
201100017501,11,2,20,830,1,1,1,1.0,2.0,284,,M,44.682,-0.799,330,6,0.0,,,1.0,1.0,0.0,0.0,0.0,1.0,1.0,0.0,0.0,0.0,0.0,3.0,0.0
201100017502,11,4,18,1230,1,1,1,1.0,2.0,199,,M,0.0,0.0,330,1,660.0,,,1.0,0.0,18.0,500.0,3.0,1.0,1.0,70.0,0.0,1.0,0.0,1.0,0.0
201100017503,11,5,11,1300,1,1,1,1.0,2.0,284,,M,44.597,-0.836,330,1,63.0,,,3.0,0.0,28.0,0.0,0.0,1.0,1.0,150.0,72.0,1.0,0.0,1.0,0.0
201100017504,11,6,15,1445,1,1,1,1.0,2.0,199,,M,0.0,0.0,330,1,660.0,,,3.0,2.0,21.0,800.0,0.0,1.0,1.0,72.0,0.0,1.0,0.0,1.0,0.0
201100017505,11,7,8,2230,3,1,1,1.0,2.0,284,,M,0.0,0.0,330,1,63.0,,,3.0,4.0,18.0,740.0,0.0,1.0,1.0,200.0,70.0,1.0,0.0,1.0,0.0
201100017506,11,8,10,1130,1,1,1,1.0,7.0,284,,M,0.0,0.0,330,1,63.0,,,1.0,2.0,0.0,0.0,0.0,0.0,1.0,11.0,85.0,1.0,0.0,3.0,99.0
201100017507,11,8,16,915,1,1,1,1.0,5.0,284,,M,44.685,-0.791,330,1,63.0,,,3.0,2.0,18.0,0.0,0.0,1.0,1.0,132.0,72.0,1.0,0.0,1.0,99.0
201100017508,11,11,17,1615,1,1,1,1.0,2.0,527,,M,44.623,-0.978,330,1,660.0,,,3.0,2.0,12.0,500.0,0.0,0.0,1.0,10.0,73.0,1.0,0.0,1.0,99.0
201100017509,11,12,3,830,2,1,1,2.0,6.0,284,,M,0.0,0.0,330,1,660.0,,,1.0,2.0,0.0,0.0,0.0,2.0,2.0,0.0,0.0,2.0,2.0,2.0,0.0
201100017510,11,12,27,1430,1,1,1,1.0,7.0,527,,M,44.682,-0.799,330,1,660.0,,,3.0,0.0,0.0,0.0,0.0,0.0,1.0,70.0,0.0,1.0,0.0,1.0,0.0
201100017597,11,4,15,1400,1,1,3,1.0,1.0,122,,M,0.0,0.0,330,3,1010.0,,,2.0,0.0,2.0,960.0,0.0,0.0,1.0,0.0,0.0,1.0,0.0,1.0,0.0
201100017598,11,8,11,215,5,2,6,1.0,7.0,122,56 route d'arcachon,M,44.746,-0.763,330,3,1250.0,,,2.0,2.0,0.0,0.0,0.0,1.0,1.0,0.0,0.0,1.0,5.0,1.0,99.0
201100017599,11,10,29,1415,1,1,1,1.0,6.0,122,,M,0.0,0.0,330,4,0.0,,,2.0,0.0,0.0,0.0,0.0,1.0,1.0,0.0,40.0,1.0,0.0,3.0,99.0
201100017600,11,11,30,1800,5,2,1,2.0,6.0,90,chemin de la House,M,0.0,0.0,330,4,0.0,,,2.0,2.0,0.0,0.0,0.0,1.0,0.0,0.0,0.0,2.0,0.0,1.0,99.0
201100017624,11,3,27,1730,1,1,1,1.0,5.0,553,,M,0.0,0.0,330,1,10.0,,A,3.0,,525.0,0.0,0.0,1.0,1.0,0.0,830.0,1.0,7.0,1.0,0.0
201100017625,11,4,16,300,3,1,1,1.0,5.0,351,,M,0.0,0.0,330,1,10.0,,A,3.0,4.0,499.0,0.0,0.0,1.0,1.0,46.0,100.0,1.0,0.0,1.0,0.0
201100017626,11,4,28,15,3,1,1,1.0,1.0,267,,M,0.0,0.0,330,1,10.0,,A,3.0,2.0,494.0,700.0,0.0,2.0,1.0,46.0,70.0,1.0,0.0,1.0,0.0
201100017630,11,10,1,1430,1,1,1,1.0,6.0,382,,M,0.0,0.0,330,1,10.0,,A,1.0,2.0,514.0,500.0,0.0,1.0,1.0,50.0,100.0,1.0,0.0,1.0,0.0
201100021938,11,1,31,530,3,1,1,1.0,6.0,191,,M,0.0,0.0,330,1,89.0,,,3.0,4.0,53.0,100.0,0.0,1.0,1.0,10.0,120.0,1.0,0.0,1.0,99.0
201100027078,11,1,16,1810,2,1,1,1.0,5.0,529,BISCAROSSE (AVE) DUNE VE,,,,330,3,0.0,,,2.0,2.0,21.0,176.0,0.0,1.0,1.0,0.0,70.0,1.0,0.0,1.0,99.0
201100027079,11,1,20,1340,1,2,1,1.0,3.0,529,"., COUBERTIN (RUE PIERRE",,,,330,4,0.0,,,2.0,2.0,,,0.0,1.0,1.0,0.0,60.0,1.0,0.0,1.0,3.0
201100027080,11,12,9,1615,1,2,1,1.0,2.0,529,"., DE GAULLE (AVE CHARLE",,,,330,3,0.0,,,2.0,2.0,,,0.0,1.0,1.0,0.0,60.0,1.0,0.0,1.0,0.0
201100027081,11,2,1,950,1,2,2,1.0,3.0,529,"53, DE GAULLE (AVE GAL)",,,,330,4,0.0,,,2.0,2.0,,,0.0,1.0,1.0,0.0,70.0,1.0,0.0,1.0,99.0
201100027082,11,2,6,1815,1,2,1,1.0,3.0,529,"49, LECLERC (AVE DU GAL)",,,,330,4,0.0,,,2.0,2.0,,,0.0,1.0,1.0,0.0,70.0,1.0,0.0,1.0,99.0
201100027083,11,2,5,1105,1,2,2,1.0,3.0,529,"17, CARNOT (RUE DU PRESI",,,,330,3,0.0,,,1.0,1.0,,,0.0,1.0,1.0,0.0,50.0,1.0,0.0,1.0,99.0
201100027084,11,3,4,1940,1,2,1,1.0,3.0,529,"50bis, PORT (RUE DU)",,,,330,4,0.0,,,2.0,2.0,,,0.0,1.0,1.0,12.0,60.0,1.0,0.0,1.0,99.0
201100027085,11,3,6,1910,1,1,2,1.0,3.0,529,"., AERODROME (AVE DE L')",,,,330,3,0.0,,,2.0,2.0,,,0.0,1.0,1.0,0.0,60.0,1.0,0.0,1.0,99.0