Num_Acc,an,mois,jour,hrmn,lum,agg,int,atm,col,com,adr,gps,lat,long,dep,catr,voie,v1,v2,circ,nbv,pr,pr1,vosp,prof,plan,lartpc,larrout,surf,infra,situ,env1
201100027335,11,3,4,2110,5,2,3,1.0,3.0,192,"24, RUE DE POUMEY",,,,330,4,0.0,,,3.0,2.0,,,1.0,1.0,1.0,5.0,60.0,1.0,0.0,1.0,0.0
201100027336,11,3,10,1743,1,2,1,1.0,6.0,63,BD ALFRED DANEY,,,,330,4,0.0,,,2.0,3.0,,,2.0,1.0,1.0,0.0,0.0,1.0,0.0,1.0,0.0
201100027337,11,3,7,1730,1,2,1,1.0,6.0,281,"197, AVE DE LA MARNE",,,,330,4,0.0,,,2.0,2.0,,,1.0,2.0,1.0,0.0,63.0,1.0,0.0,1.0,0.0
201100027338,11,3,4,1430,1,2,1,1.0,6.0,69,"291, AVE DE LA LIBERATIO",,,,330,4,0.0,,,2.0,2.0,,,0.0,1.0,1.0,0.0,60.0,1.0,0.0,1.0,0.0
201100027339,11,3,10,1730,1,2,4,1.0,3.0,63,RUE STEHELIN CAUD,,,,330,4,0.0,,,2.0,2.0,,,0.0,1.0,1.0,0.0,70.0,1.0,0.0,1.0,0.0
201100027340,11,3,5,1350,1,2,3,1.0,6.0,192,RUE DE LA MIGNONNE,,,,330,4,0.0,,,2.0,2.0,,,0.0,1.0,1.0,0.0,0.0,1.0,0.0,0.0,0.0
201100027341,11,3,4,1755,1,2,6,1.0,6.0,550,AVE DU MARECHAL LECLERC,,,,330,4,0.0,,,3.0,2.0,,,0.0,1.0,1.0,0.0,0.0,1.0,0.0,1.0,0.0
201100027342,11,3,12,1410,1,2,2,1.0,3.0,281,RUE GAY-LUSSAC,,,,330,4,0.0,,,2.0,2.0,,,0.0,1.0,1.0,0.0,69.0,1.0,0.0,1.0,99.0
201100027343,11,3,13,1750,1,2,2,1.0,7.0,281,AVE DE LA FORET,,,,330,4,0.0,,,1.0,2.0,,,2.0,1.0,1.0,0.0,70.0,1.0,0.0,1.0,0.0
201100027344,11,3,12,230,5,2,3,1.0,6.0,63,CRS DE LA MARNE,,,,330,4,0.0,,,2.0,3.0,,,0.0,1.0,1.0,0.0,0.0,1.0,0.0,1.0,0.0
201100027345,11,3,12,745,1,2,7,2.0,6.0,63,RUE DE SAINT GENES,,,,330,4,0.0,,,2.0,2.0,,,0.0,0.0,1.0,0.0,0.0,1.0,4.0,1.0,0.0
201100027346,11,3,13,700,1,2,6,1.0,6.0,63,RDPT MARIE FEL,,,,330,4,0.0,,,1.0,2.0,,,0.0,1.0,1.0,0.0,0.0,0.0,0.0,1.0,0.0
201100027347,11,3,11,1640,1,2,3,1.0,3.0,63,"36, CRS VICTOR HUGO",,,,330,4,0.0,,,2.0,4.0,,,0.0,1.0,1.0,0.0,90.0,1.0,0.0,1.0,0.0
201100027348,11,3,13,310,5,2,3,1.0,3.0,63,CRS DE LA MARNE,,,,330,4,0.0,,,1.0,1.0,,,0.0,1.0,1.0,0.0,0.0,1.0,0.0,1.0,0.0
201100027349,11,3,14,240,5,2,3,1.0,6.0,63,RUE DE TAUZIA,,,,330,4,0.0,,,1.0,3.0,,,0.0,1.0,1.0,0.0,0.0,1.0,4.0,3.0,0.0
201100027350,11,3,11,1635,1,2,1,1.0,6.0,63,"7, CRS DU MEDOC",,,,330,4,0.0,,,3.0,4.0,,,0.0,1.0,1.0,0.0,0.0,1.0,0.0,1.0,0.0
201100027351,11,3,8,2015,5,2,5,1.0,6.0,318,AVE DU PONT DE L'ORIENT,,,,330,4,0.0,,,2.0,2.0,,,0.0,1.0,3.0,0.0,0.0,1.0,5.0,1.0,99.0
201100027352,11,3,11,2340,5,2,2,1.0,3.0,63,RUE BRIZARD,,,,330,4,0.0,,,1.0,2.0,,,0.0,1.0,1.0,0.0,0.0,1.0,0.0,1.0,0.0
201100027353,11,3,11,1305,1,2,3,1.0,3.0,63,RUE DE SAINT GENES,,,,330,4,0.0,,,1.0,1.0,,,2.0,1.0,1.0,0.0,70.0,1.0,0.0,1.0,0.0
201100027354,11,3,11,1725,1,2,2,1.0,6.0,63,"226, BD DU PRESIDENT WIL",,,,330,4,0.0,,,2.0,5.0,,,2.0,1.0,1.0,0.0,0.0,1.0,5.0,1.0,0.0
201100027355,11,3,14,1830,1,2,1,1.0,4.0,63,"198, CRS DE LA MARNE",,,,330,4,0.0,,,3.0,3.0,,,0.0,1.0,1.0,30.0,215.0,1.0,0.0,1.0,0.0
201100027356,11,3,14,2040,5,2,6,1.0,6.0,63,PCE TOURNY,,,,330,4,0.0,,,2.0,4.0,,,0.0,1.0,1.0,0.0,0.0,1.0,5.0,1.0,0.0
201100027357,11,3,11,705,2,2,2,1.0,6.0,192,RUE DU CHOUINEY,,,,330,4,0.0,,,2.0,2.0,,,2.0,1.0,1.0,0.0,0.0,1.0,5.0,1.0,0.0
201100027358,11,3,11,1245,1,2,1,1.0,6.0,281,"48, RUE DU JARD",,,,330,4,0.0,,,2.0,2.0,,,2.0,1.0,1.0,0.0,76.0,1.0,0.0,1.0,99.0
201100027359,11,3,10,1200,1,2,2,1.0,3.0,75,AVE DE L EUROPE,,,,330,4,0.0,,,2.0,2.0,,,1.0,1.0,1.0,0.0,180.0,1.0,5.0,1.0,99.0
201100027360,11,3,12,540,5,2,2,2.0,3.0,119,RUE DU PROFESSEUR LANGEV,,,,330,4,0.0,,,3.0,2.0,,,0.0,1.0,1.0,0.0,0.0,2.0,5.0,1.0,0.0
201100027361,11,3,12,2020,5,2,3,1.0,3.0,69,BD DU MARECHAL LYAUTEY,,,,330,4,0.0,,,2.0,1.0,,,0.0,1.0,1.0,0.0,60.0,1.0,0.0,1.0,99.0
201100027362,11,3,15,1720,1,2,1,1.0,3.0,63,QUAI DES CHARTRONS,,,,330,4,0.0,,,3.0,7.0,,,0.0,1.0,1.0,0.0,385.0,1.0,0.0,1.0,0.0
201100027363,11,3,15,905,1,2,3,1.0,6.0,63,RUE BEAUFLEURY,,,,330,4,0.0,,,1.0,1.0,,,0.0,1.0,1.0,0.0,86.0,1.0,5.0,1.0,99.0
201100027364,11,3,9,1130,1,2,2,1.0,6.0,281,AVE DU MARECHAL LECLERC,,,,330,4,0.0,,,2.0,2.0,,,0.0,1.0,1.0,0.0,0.0,1.0,5.0,1.0,99.0
201100027365,11,3,12,2325,5,2,5,1.0,6.0,32,AVE JEAN JAURES,,,,330,4,0.0,,,1.0,1.0,,,0.0,1.0,2.0,0.0,80.0,1.0,0.0,4.0,0.0
201100027366,11,3,9,1345,1,2,4,1.0,3.0,522,PCE DU PRESIDENT WILSON,,,,330,4,0.0,,,1.0,1.0,,,0.0,1.0,3.0,0.0,86.0,1.0,0.0,1.0,0.0
201100027367,11,3,16,1715,1,2,1,1.0,6.0,63,"14, QUAI SAINTE- CROIX",,,,330,4,0.0,,,2.0,8.0,,,3.0,1.0,1.0,70.0,90.0,1.0,4.0,1.0,99.0
201100027368,11,3,11,1615,1,2,2,1.0,3.0,39,RUE LOUIS ROCHEMOND,,,,330,4,0.0,,,2.0,2.0,,,0.0,1.0,1.0,0.0,57.0,1.0,0.0,1.0,99.0
201100027369,11,3,19,1430,1,2,1,1.0,6.0,63,"62, RUE PAUL COURTEAULT",,,,330,4,0.0,,,1.0,1.0,,,0.0,1.0,1.0,0.0,535.0,1.0,0.0,1.0,0.0
201100027370,11,3,18,815,1,2,4,1.0,3.0,63,RUE GENESTA CAUD,,,,330,4,0.0,,,1.0,1.0,,,0.0,1.0,1.0,0.0,55.0,1.0,0.0,1.0,0.0
201100027371,11,3,18,2130,5,2,1,1.0,2.0,63,RUE CARLE VERNET,,,,330,4,0.0,,,2.0,2.0,,,2.0,1.0,1.0,0.0,77.0,1.0,0.0,1.0,0.0
201100027372,11,3,19,1150,1,2,3,1.0,3.0,63,AVE DES QUARANTE JOURNAU,,,,330,4,0.0,,,2.0,3.0,,,0.0,1.0,1.0,0.0,120.0,1.0,5.0,1.0,99.0
201100027373,11,3,18,1855,1,2,1,1.0,6.0,63,"25, RUE LAFONTAINE",,,,330,4,0.0,,,1.0,1.0,,,0.0,1.0,1.0,0.0,0.0,1.0,0.0,1.0,0.0
201100027374,11,3,18,855,1,2,4,7.0,3.0,63,RUE STEHELIN CAUD,,,,330,4,0.0,,,2.0,2.0,,,0.0,1.0,1.0,0.0,0.0,1.0,0.0,1.0,0.0
201100027375,11,3,20,2225,5,2,2,1.0,3.0,318,AVE DU BOURGAILH,,,,330,4,0.0,,,2.0,4.0,,,0.0,1.0,2.0,0.0,48.0,1.0,3.0,1.0,99.0
201100027376,11,3,22,1105,1,2,1,1.0,6.0,63,"10, RUE FRANCOIS LEVEQUE",,,,330,4,0.0,,,1.0,1.0,,,0.0,1.0,1.0,0.0,60.0,1.0,0.0,1.0,0.0
201100027377,11,3,21,730,1,2,1,1.0,6.0,281,"12, RUE MARCELIN BERTHEL",,,,330,4,0.0,,,2.0,2.0,,,0.0,2.0,2.0,0.0,60.0,1.0,4.0,1.0,99.0
201100027378,11,3,22,1840,1,2,2,1.0,6.0,63,RUE CHARLES MARIONNEAU,,,,330,4,0.0,,,1.0,2.0,,,0.0,1.0,1.0,0.0,0.0,1.0,0.0,1.0,0.0
201100027379,11,3,15,1810,1,2,1,2.0,6.0,281,"28, AVE DE LA LIBERATION",,,,330,4,0.0,,,2.0,2.0,,,1.0,1.0,1.0,0.0,0.0,2.0,0.0,1.0,99.0
201100027380,11,3,16,2150,5,2,3,1.0,1.0,318,ALL ALL?E DES JACQUETS,,,,330,4,0.0,,,2.0,2.0,,,0.0,1.0,1.0,0.0,60.0,1.0,5.0,1.0,99.0
201100027381,11,3,18,1705,1,2,1,4.0,6.0,119,"56, AVE RENE CASSAGNE",,,,330,4,0.0,,,3.0,2.0,,,2.0,1.0,1.0,20.0,40.0,2.0,0.0,1.0,0.0
201100027382,11,3,22,745,1,2,2,1.0,6.0,32,RUE AMPERE,,,,330,4,0.0,,,2.0,2.0,,,0.0,1.0,1.0,0.0,71.0,1.0,5.0,1.0,99.0
201100027383,11,3,22,1720,1,2,1,1.0,6.0,249,AVE CARNOT,,,,330,9,0.0,,,3.0,2.0,,,1.0,1.0,1.0,0.0,0.0,1.0,4.0,4.0,99.0
201100027384,11,3,22,2300,5,2,1,1.0,6.0,119,AVE CARNOT,,,,330,4,0.0,,,3.0,2.0,,,1.0,2.0,2.0,0.0,300.0,1.0,4.0,1.0,99.0
201100027385,11,3,23,1125,1,2,4,1.0,2.0,119,AVE RENE CASSAGNE,,,,330,4,0.0,,,2.0,2.0,,,0.0,1.0,1.0,0.0,0.0,1.0,0.0,1.0,0.0
201100027386,11,3,22,1730,1,2,6,1.0,3.0,318,AVE DU POITOU,,,,330,4,0.0,,,2.0,2.0,,,2.0,1.0,1.0,0.0,0.0,1.0,0.0,1.0,0.0
201100027387,11,3,24,650,1,2,2,1.0,2.0,63,"119, BD ANTOINE GAUTIER",,,,330,4,0.0,,,3.0,4.0,,,2.0,2.0,2.0,15.0,170.0,1.0,4.0,1.0,0.0
201100027388,11,3,24,645,1,2,4,1.0,3.0,63,PCE DE STALINGRAD,,,,330,4,0.0,,,1.0,1.0,,,0.0,1.0,1.0,0.0,0.0,1.0,0.0,1.0,0.0
201100027389,11,3,25,950,1,2,2,1.0,3.0,63,RUE BOUTHIER,,,,330,4,0.0,,,2.0,2.0,,,0.0,1.0,1.0,0.0,85.0,1.0,0.0,1.0,0.0
201100027390,11,3,24,1020,1,2,1,1.0,7.0,32,"36, AVE JEAN JAURES",,,,330,4,0.0,,,2.0,2.0,,,0.0,1.0,1.0,0.0,0.0,1.0,0.0,1.0,0.0
201100027391,11,3,27,1740,1,2,3,1.0,5.0,550,"21, CHEM DU PAS DE LA CO",,,,330,4,0.0,,,2.0,2.0,,,0.0,1.0,1.0,0.0,68.0,1.0,5.0,1.0,0.0
201100027392,11,3,24,220,5,2,6,1.0,6.0,318,AVE DU DOCTEUR ALBERT SC,,,,330,4,0.0,,,3.0,2.0,,,0.0,1.0,2.0,0.0,0.0,1.0,0.0,1.0,0.0
201100027393,11,3,26,115,5,2,3,1.0,6.0,63,RUE EDMOND MICHELET,,,,330,4,0.0,,,0.0,1.0,,,0.0,1.0,1.0,0.0,0.0,1.0,0.0,1.0,0.0
201100027394,11,3,22,2210,5,2,2,1.0,3.0,39,BD JEAN-JACQUES BOSC,,,,330,4,0.0,,,3.0,4.0,,,0.0,1.0,1.0,0.0,130.0,1.0,0.0,1.0,0.0
201100027395,11,3,23,1945,5,2,6,1.0,3.0,318,AVE DE NOES,,,,330,4,0.0,,,2.0,2.0,,,0.0,1.0,1.0,0.0,0.0,1.0,0.0,1.0,0.0
201100027396,11,3,27,410,5,2,2,2.0,1.0,63,BD GEORGE V,,,,330,4,0.0,,,3.0,4.0,,,0.0,1.0,1.0,0.0,140.0,2.0,5.0,1.0,0.0
201100027397,11,3,23,1840,3,2,2,1.0,6.0,281,AVE DE LA GRANGE NOIRE,,,,330,4,0.0,,,2.0,2.0,,,0.0,1.0,1.0,0.0,0.0,1.0,0.0,1.0,99.0
201100027398,11,3,26,2110,5,2,3,2.0,1.0,119,BD ENTRE DEUX MERS,,,,330,4,0.0,,,3.0,6.0,,,0.0,2.0,2.0,0.0,0.0,2.0,0.0,1.0,0.0
201100027399,11,3,28,1815,1,2,2,2.0,6.0,63,RUE BARREYRE,,,,330,4,0.0,,,1.0,1.0,,,0.0,1.0,1.0,0.0,0.0,2.0,0.0,1.0,0.0
201100027400,11,3,25,1930,5,2,1,1.0,6.0,63,"40, CRS DE LA MARNE",,,,330,4,0.0,,,2.0,3.0,,,0.0,1.0,0.0,0.0,0.0,1.0,0.0,1.0,0.0
201100027401,11,3,25,1715,1,2,4,1.0,3.0,167,COTE DE MONREPOS,,,,330,4,0.0,,,2.0,2.0,,,0.0,3.0,0.0,0.0,0.0,1.0,0.0,1.0,0.0
201100027402,11,3,24,1700,1,2,1,1.0,6.0,318,"86, AVE LEON BLUM",,,,330,4,0.0,,,2.0,2.0,,,0.0,1.0,1.0,0.0,67.0,1.0,0.0,1.0,0.0
201100027403,11,3,23,925,1,2,2,1.0,6.0,522,"40, RUE PACARIS",,,,330,4,0.0,,,2.0,2.0,,,0.0,1.0,1.0,0.0,60.0,1.0,0.0,1.0,0.0
201100027404,11,3,29,1700,1,2,1,2.0,6.0,63,"43, RUE DESPUJOL",,,,330,4,0.0,,,1.0,2.0,,,0.0,1.0,1.0,0.0,50.0,2.0,0.0,1.0,0.0
201100027405,11,3,29,755,1,2,1,2.0,1.0,75,RUE DU PONT NEUF,,,,330,4,0.0,,,2.0,2.0,,,0.0,1.0,3.0,0.0,0.0,2.0,0.0,1.0,0.0
201100027406,11,3,23,856,1,2,1,1.0,6.0,522,RUE FRANCOIS RABELAIS,,,,330,6,0.0,,,4.0,2.0,,,0.0,1.0,1.0,0.0,0.0,1.0,0.0,1.0,0.0
201100027407,11,3,29,1315,1,2,5,1.0,6.0,63,"306, CRS DE LA SOMME",,,,330,4,0.0,,,2.0,3.0,,,1.0,1.0,1.0,0.0,0.0,1.0,0.0,1.0,0.0
201100027408,11,3,29,1545,1,2,2,2.0,1.0,119,RUE CAMILLE PELLETAN,,,,330,4,0.0,,,2.0,2.0,,,0.0,1.0,1.0,0.0,122.0,2.0,0.0,1.0,99.0
201100027409,11,3,30,1030,1,2,2,1.0,3.0,63,PCE DES QUINCONCES,,,,330,4,0.0,,,2.0,2.0,,,0.0,1.0,1.0,0.0,0.0,1.0,0.0,1.0,0.0
201100027410,11,3,28,1820,1,2,1,1.0,3.0,63,AVE D'ARES CAUD,,,,330,4,0.0,,,1.0,1.0,,,0.0,1.0,1.0,0.0,0.0,2.0,0.0,1.0,0.0
201100027411,11,3,31,445,5,2,1,1.0,6.0,63,"36, RUE DE GIRONDE",,,,330,4,0.0,,,2.0,2.0,,,0.0,1.0,2.0,0.0,120.0,1.0,0.0,1.0,0.0
201100027412,11,3,29,725,1,2,2,2.0,3.0,318,AVE DE MAGELLAN,,,,330,4,0.0,,,2.0,2.0,,,0.0,1.0,1.0,0.0,0.0,2.0,0.0,1.0,0.0
201100027413,11,3,25,1745,1,2,3,1.0,6.0,39,CHEM BARBEDEGAT,,,,330,4,0.0,,,2.0,2.0,,,0.0,1.0,1.0,0.0,55.0,1.0,0.0,1.0,99.0
201100027414,11,4,3,1710,1,2,1,2.0,6.0,63,CRS CHARLES BRICAUD,,,,330,4,0.0,,,3.0,2.0,,,0.0,2.0,0.0,0.0,0.0,1.0,0.0,1.0,0.0
201100027415,11,4,3,220,5,2,1,8.0,6.0,63,"133, RUE MAZARIN",,,,330,4,0.0,,,2.0,0.0,,,0.0,1.0,1.0,0.0,30.0,1.0,0.0,1.0,0.0
201100027416,11,4,3,425,5,2,1,1.0,6.0,63,"40, CRS EDOUARD VAILLANT",,,,330,4,0.0,,,2.0,2.0,,,1.0,1.0,1.0,0.0,54.0,1.0,0.0,1.0,0.0
201100027417,11,3,31,740,2,2,2,2.0,3.0,281,AVE ARISTIDE BRIAND,,,,330,4,0.0,,,2.0,3.0,,,0.0,1.0,1.0,0.0,144.0,2.0,0.0,1.0,0.0
201100027418,11,4,3,1810,1,2,4,1.0,6.0,63,RUE WUSTENBERG,,,,330,4,0.0,,,1.0,0.0,,,0.0,1.0,1.0,0.0,0.0,1.0,0.0,1.0,0.0
201100027419,11,4,1,1615,1,2,3,1.0,3.0,63,RUE CROIX DE SEGUEY,,,,330,4,,,,1.0,0.0,,,0.0,1.0,1.0,0.0,0.0,1.0,0.0,1.0,0.0
201100027420,11,4,1,1945,1,2,3,1.0,6.0,63,AVE THIERS,,,,330,4,0.0,,,2.0,10.0,,,1.0,1.0,1.0,0.0,0.0,1.0,4.0,1.0,0.0
201100027421,11,4,1,1100,1,2,2,1.0,3.0,63,RUE DE CONDE,,,,330,4,0.0,,,1.0,1.0,,,1.0,1.0,1.0,0.0,0.0,1.0,0.0,1.0,0.0
201100027422,11,4,4,2320,5,2,2,1.0,6.0,63,RUE DE BEGLES,,,,330,4,0.0,,,2.0,4.0,,,0.0,1.0,1.0,0.0,182.0,1.0,0.0,1.0,99.0
201100027423,11,4,4,2210,5,2,5,1.0,6.0,63,RUE DES TREUILS,,,,330,4,0.0,,,1.0,2.0,,,0.0,1.0,1.0,0.0,75.0,1.0,0.0,1.0,0.0
201100027424,11,4,4,1230,1,2,1,7.0,6.0,63,"17, RTE DE TOULOUSE",,,,330,4,0.0,,,2.0,3.0,,,0.0,1.0,1.0,0.0,0.0,1.0,0.0,1.0,0.0
201100027425,11,4,4,800,1,2,3,1.0,6.0,63,RUE DE CAPEYRON CAUD,,,,330,4,0.0,,,2.0,2.0,,,0.0,1.0,1.0,0.0,76.0,1.0,0.0,1.0,0.0
201100027426,11,3,30,1935,1,2,1,2.0,6.0,281,"20, AVE DE L'ALOUETTE",,,,330,4,0.0,,,2.0,4.0,,,1.0,1.0,1.0,0.0,60.0,2.0,0.0,1.0,0.0
201100027427,11,3,28,1800,1,2,5,1.0,5.0,192,CRS DU GENERAL DE GAULLE,,,,330,4,0.0,,,2.0,3.0,,,0.0,1.0,1.0,0.0,110.0,2.0,0.0,1.0,99.0
201100027428,11,4,4,1910,1,1,1,1.0,2.0,249,RTE DE BASSENS,,,,330,4,0.0,,,2.0,2.0,,,0.0,1.0,1.0,0.0,89.0,1.0,0.0,1.0,0.0
201100027429,11,4,1,1600,1,2,1,1.0,6.0,69,"13, AVE DE LA LIBERATION",,,,330,4,0.0,,,2.0,4.0,,,0.0,1.0,1.0,0.0,0.0,1.0,0.0,1.0,0.0
201100027430,11,4,4,825,1,2,8,1.0,3.0,249,RUE LOUIS BEYDTS,,,,330,4,0.0,,,2.0,4.0,,,0.0,1.0,1.0,0.0,0.0,1.0,4.0,1.0,0.0
201100027431,11,3,31,750,2,2,1,2.0,6.0,281,"99, AVE DE MAGUDAS",,,,330,4,0.0,,,2.0,4.0,,,1.0,1.0,1.0,0.0,84.0,2.0,0.0,1.0,99.0
201100027432,11,4,2,703,2,2,2,1.0,1.0,318,"14, AVE JEAN CORDIER",,,,330,4,0.0,,,2.0,2.0,,,0.0,1.0,1.0,0.0,0.0,1.0,0.0,1.0,0.0
201100027433,11,4,4,835,1,2,1,1.0,6.0,281,"254, AVE DE LA MARNE",,,,330,4,0.0,,,2.0,5.0,,,1.0,1.0,1.0,0.0,210.0,1.0,0.0,1.0,99.0
201100027434,11,4,1,1906,1,2,3,1.0,5.0,75,AVE CONRAD GAUSSENS,,,,330,4,0.0,,,1.0,0.0,,,0.0,1.0,1.0,0.0,0.0,1.0,0.0,1.0,0.0
201100027435,11,4,7,1000,1,2,3,1.0,6.0,63,"13, PCE GAMBETTA",,,,330,4,0.0,,,1.0,1.0,,,0.0,1.0,1.0,0.0,0.0,1.0,5.0,1.0,0.0
201100027436,11,4,6,725,1,2,3,1.0,6.0,63,AVE DE MERIGNAC CAUD,,,,330,4,0.0,,,2.0,3.0,,,0.0,1.0,1.0,0.0,89.0,1.0,0.0,1.0,0.0
201100027437,11,4,7,1545,1,2,3,1.0,2.0,63,"147, CRS DU MARECHAL GAL",,,,330,4,0.0,,,2.0,2.0,,,0.0,1.0,1.0,0.0,0.0,1.0,0.0,1.0,0.0
201100027438,11,4,8,730,1,2,2,1.0,3.0,63,CRS BALGUERIE STUTTENBER,,,,330,4,0.0,,,1.0,1.0,,,0.0,1.0,1.0,0.0,90.0,1.0,0.0,1.0,0.0
201100027439,11,4,5,1635,1,2,3,1.0,5.0,550,RUE DE LA CROIX DE MONJO,,,,330,4,0.0,,,3.0,3.0,,,0.0,1.0,1.0,0.0,0.0,2.0,0.0,1.0,0.0
201100027440,11,4,10,2210,5,2,2,1.0,1.0,63,RUE DE BEGLES,,,,330,4,0.0,,,2.0,2.0,,,1.0,1.0,1.0,0.0,0.0,1.0,0.0,1.0,0.0
201100027441,11,4,9,1525,1,2,2,1.0,6.0,63,PCE DES CAPUCINS,,,,330,4,0.0,,,2.0,3.0,,,2.0,1.0,1.0,0.0,0.0,1.0,0.0,1.0,0.0
201100027442,11,4,9,110,5,2,1,1.0,6.0,63,"06, CRS DE VERDUN",,,,330,4,0.0,,,2.0,4.0,,,0.0,1.0,1.0,0.0,0.0,1.0,0.0,1.0,0.0
201100027443,11,4,10,735,1,2,2,1.0,6.0,63,CRS DE LA MARTINIQUE,,,,330,4,0.0,,,2.0,2.0,,,0.0,1.0,1.0,0.0,100.0,1.0,0.0,1.0,0.0
201100027444,11,4,8,1420,1,2,9,1.0,2.0,63,PCE AMELIE RABA LEON,,,,330,4,0.0,,,3.0,5.0,,,0.0,1.0,1.0,0.0,0.0,1.0,0.0,1.0,0.0
201100027445,11,4,10,1710,1,2,2,1.0,6.0,63,RUE DE LA TOUR D'AUVERGN,,,,330,4,0.0,,,2.0,2.0,,,0.0,1.0,1.0,0.0,0.0,1.0,0.0,2.0,0.0
201100027446,11,4,4,1050,1,2,4,1.0,2.0,192,AVE DE L'HIPPODROME,,,,330,4,0.0,,,2.0,2.0,,,0.0,2.0,1.0,0.0,0.0,1.0,0.0,1.0,0.0
201100027447,11,4,6,1907,1,2,2,1.0,6.0,318,AVE JEAN JAURES,,,,330,4,0.0,,,2.0,3.0,,,0.0,1.0,1.0,0.0,75.0,1.0,0.0,1.0,0.0
201100027448,11,4,11,1200,1,2,2,1.0,3.0,63,BD ALBERT 1ER,,,,330,4,0.0,,,2.0,0.0,,,0.0,3.0,1.0,0.0,80.0,1.0,5.0,1.0,0.0
201100027449,11,4,12,1530,1,2,1,1.0,3.0,63,RUE DU PALAIS GALLIEN,,,,330,4,0.0,,,2.0,2.0,,,0.0,1.0,1.0,0.0,57.0,1.0,0.0,1.0,0.0
201100027450,11,4,7,1650,1,2,3,1.0,3.0,318,RUE DU DOMAINE DE BACALA,,,,330,4,,,,2.0,2.0,,,0.0,1.0,1.0,0.0,0.0,1.0,0.0,1.0,0.0
201100027451,11,4,7,902,1,2,6,1.0,3.0,192,AVE DE L'HIPPODROME,,,,330,4,0.0,,,3.0,2.0,,,0.0,1.0,0.0,39.0,45.0,1.0,0.0,1.0,0.0
201100027452,11,4,7,1645,1,2,1,1.0,3.0,318,RUE THOMAS EDISON,,,,330,4,0.0,,,2.0,2.0,,,0.0,1.0,1.0,0.0,0.0,1.0,0.0,1.0,0.0
201100027453,11,4,12,1030,1,2,2,1.0,3.0,63,RUE CHARLES MARIONNEAU,,,,330,4,0.0,,,1.0,1.0,,,0.0,1.0,0.0,0.0,0.0,1.0,0.0,1.0,0.0
201100027454,11,4,6,914,1,2,1,1.0,6.0,522,CRS DE LA LIBERATION,,,,330,6,0.0,,,2.0,2.0,,,0.0,1.0,0.0,0.0,0.0,1.0,0.0,1.0,0.0
201100027455,11,4,9,2130,5,2,2,1.0,3.0,318,AVE DU CHIQUET,,,,330,4,0.0,,,2.0,2.0,,,2.0,1.0,1.0,0.0,100.0,1.0,0.0,1.0,0.0
201100027456,11,4,8,1415,1,2,1,1.0,6.0,281,AVE MARCEL DASSAULT,,,,330,4,0.0,,,2.0,2.0,,,0.0,1.0,1.0,0.0,0.0,1.0,0.0,1.0,0.0
201100027457,11,4,8,810,1,2,4,1.0,2.0,281,AVE DE VERDUN,,,,330,4,0.0,,,2.0,2.0,,,0.0,1.0,1.0,0.0,0.0,1.0,0.0,1.0,0.0
201100027458,11,4,7,1635,1,2,1,1.0,3.0,281,AVE MARCEL DASSAULT,,,,330,4,0.0,,,2.0,2.0,,,0.0,1.0,1.0,0.0,85.0,1.0,0.0,1.0,0.0
201100027459,11,4,10,1615,1,2,2,1.0,3.0,318,AVE DE MADRAN,,,,330,4,0.0,,,2.0,3.0,,,0.0,1.0,1.0,0.0,30.0,1.0,0.0,1.0,0.0
201100027460,11,4,15,135,5,2,1,1.0,6.0,69,"111, RUE RAYMOND LAVIGNE",,,,330,4,0.0,,,2.0,2.0,,,0.0,1.0,1.0,0.0,60.0,1.0,0.0,1.0,0.0