Num_Acc,an,mois,jour,hrmn,lum,agg,int,atm,col,com,adr,gps,lat,long,dep,catr,voie,v1,v2,circ,nbv,pr,pr1,vosp,prof,plan,lartpc,larrout,surf,infra,situ,env1
201100027461,11,4,8,1730,1,2,3,1.0,3.0,522,AVE PIERRE CORNEILLE,,,,330,4,0.0,,,2.0,2.0,,,0.0,1.0,1.0,0.0,0.0,1.0,0.0,1.0,0.0
201100027462,11,4,12,1340,1,2,1,1.0,7.0,281,AVE DU MARECHAL LECLERC,,,,330,4,0.0,,,2.0,4.0,,,0.0,1.0,1.0,0.0,60.0,1.0,0.0,1.0,0.0
201100027463,11,4,15,2115,5,2,2,1.0,3.0,63,RUE DESSE,,,,330,4,0.0,,,1.0,1.0,,,0.0,1.0,1.0,0.0,0.0,1.0,0.0,1.0,0.0
201100027464,11,4,15,2315,5,2,3,1.0,3.0,63,QUAI LOUIS XVIII,,,,330,4,0.0,,,3.0,6.0,,,0.0,1.0,1.0,0.0,190.0,1.0,5.0,1.0,0.0
201100027465,11,4,18,2035,5,2,4,1.0,6.0,69,AVE PRESIDENT ROBERT SCH,,,,330,4,0.0,,,2.0,2.0,,,0.0,1.0,1.0,0.0,0.0,1.0,0.0,1.0,0.0
201100027466,11,4,18,1630,1,2,1,1.0,3.0,63,AVE DE NONTRASTE,,,,330,4,0.0,,,2.0,4.0,,,0.0,1.0,1.0,0.0,0.0,1.0,0.0,1.0,0.0
201100027467,11,4,13,1355,1,2,3,1.0,3.0,318,AVE MONTESQUIEU,,,,330,4,0.0,,,2.0,2.0,,,0.0,3.0,1.0,0.0,56.0,1.0,0.0,1.0,0.0
201100027468,11,4,19,1550,1,2,1,1.0,6.0,63,"34, RUE DE CANOLLE",,,,330,4,0.0,,,2.0,2.0,,,0.0,2.0,0.0,0.0,70.0,1.0,0.0,1.0,0.0
201100027469,11,4,19,1900,1,2,4,1.0,3.0,63,PCE DES QUINCONCES,,,,330,4,0.0,,,1.0,1.0,,,0.0,1.0,1.0,0.0,0.0,1.0,0.0,1.0,0.0
201100027470,11,4,13,1505,1,2,6,1.0,6.0,550,"117, AVE DU MARECHAL LEC",,,,330,4,0.0,,,2.0,2.0,,,0.0,1.0,1.0,0.0,0.0,1.0,5.0,4.0,0.0
201100027471,11,4,15,1733,1,2,1,1.0,6.0,550,"451, RTE DE TOULOUSE",,,,330,4,0.0,,,2.0,3.0,,,0.0,1.0,1.0,0.0,118.0,1.0,0.0,1.0,0.0
201100027472,11,4,21,2233,5,2,2,1.0,1.0,63,BD ANDRE RICARD,,,,330,4,0.0,,,2.0,0.0,,,0.0,1.0,2.0,0.0,0.0,1.0,0.0,1.0,0.0
201100027473,11,4,21,940,1,2,7,1.0,6.0,63,PCE DE LATULE,,,,330,4,0.0,,,2.0,6.0,,,0.0,1.0,1.0,0.0,100.0,1.0,5.0,1.0,0.0
201100027474,11,4,21,710,1,2,5,1.0,6.0,522,CRS GAMBETTA,,,,330,4,0.0,,,2.0,5.0,,,0.0,1.0,1.0,0.0,0.0,1.0,5.0,1.0,0.0
201100027475,11,4,23,100,5,2,1,1.0,7.0,63,QUAI DE PALUDATE,,,,330,4,0.0,,,2.0,4.0,,,1.0,1.0,1.0,0.0,60.0,1.0,0.0,1.0,99.0
201100027476,11,4,24,2050,2,2,1,2.0,7.0,63,"134, AVE THIERS",,,,330,4,0.0,,,3.0,7.0,,,1.0,1.0,1.0,0.0,90.0,2.0,0.0,1.0,0.0
201100027477,11,4,24,1335,1,2,1,1.0,6.0,63,"26, RUE JENNY LEPREUX",,,,330,4,0.0,,,1.0,1.0,,,1.0,1.0,1.0,0.0,33.0,1.0,0.0,1.0,0.0
201100027478,11,4,21,2015,1,2,1,1.0,6.0,63,"183, AVE THIERS",,,,330,4,0.0,,,3.0,8.0,,,1.0,1.0,0.0,0.0,0.0,1.0,4.0,1.0,0.0
201100027479,11,4,23,535,5,2,2,1.0,3.0,63,BD DU PRESIDENT WILSON,,,,330,4,0.0,,,3.0,5.0,,,0.0,1.0,1.0,0.0,0.0,1.0,0.0,1.0,0.0
201100027480,11,4,17,1000,1,2,5,1.0,4.0,522,RES PACARIS,,,,330,4,0.0,,,2.0,2.0,,,0.0,1.0,2.0,0.0,0.0,1.0,5.0,1.0,0.0
201100027481,11,4,19,1305,1,2,1,1.0,6.0,318,"57, AVE JEAN JAURES",,,,330,4,0.0,,,2.0,2.0,,,0.0,1.0,1.0,0.0,60.0,1.0,0.0,1.0,0.0
201100027482,11,4,23,126,5,2,1,1.0,6.0,63,BD DES FRERES MOGA,,,,330,4,0.0,,,3.0,3.0,,,0.0,1.0,2.0,0.0,63.0,1.0,0.0,1.0,0.0
201100027483,11,4,16,2135,2,2,2,1.0,4.0,318,AVE DU BOURGAILH,,,,330,4,0.0,,,3.0,2.0,,,2.0,0.0,0.0,0.0,73.0,1.0,5.0,1.0,0.0
201100027484,11,4,26,750,1,2,1,1.0,6.0,63,"81, AVE THIERS",,,,330,4,0.0,,,3.0,6.0,,,0.0,1.0,1.0,0.0,60.0,1.0,0.0,1.0,0.0
201100027485,11,4,22,955,1,2,5,1.0,6.0,281,AVE ROBERT SCHUMAN,,,,330,4,0.0,,,2.0,5.0,,,1.0,1.0,1.0,0.0,118.0,1.0,5.0,1.0,0.0
201100027486,11,4,26,800,1,2,1,1.0,6.0,63,"26, AVE EMILE COUNORD",,,,330,4,0.0,,,1.0,1.0,,,0.0,1.0,1.0,0.0,125.0,1.0,4.0,1.0,0.0
201100027487,11,4,25,1215,1,2,2,1.0,3.0,32,PCE EDOUARD HERRIOT,,,,330,4,0.0,,,3.0,2.0,,,0.0,1.0,1.0,0.0,0.0,1.0,0.0,1.0,0.0
201100027488,11,4,19,1015,1,2,1,1.0,6.0,281,AVE DE MAGUDAS,,,,330,4,0.0,,,2.0,3.0,,,2.0,1.0,1.0,0.0,0.0,1.0,0.0,1.0,0.0
201100027489,11,4,21,1025,1,2,5,1.0,3.0,522,CRS GAMBETTA,,,,330,4,0.0,,,2.0,4.0,,,3.0,1.0,2.0,0.0,70.0,1.0,4.0,1.0,0.0
201100027490,11,4,20,1107,1,2,1,1.0,2.0,318,"30, AVE DU GENERAL LECLE",,,,330,4,0.0,,,3.0,1.0,,,1.0,1.0,1.0,0.0,0.0,1.0,0.0,1.0,0.0
201100027491,11,4,21,725,1,2,1,1.0,6.0,281,"144, AVE DE LA LIBERATIO",,,,330,4,0.0,,,2.0,2.0,,,2.0,1.0,1.0,0.0,56.0,1.0,0.0,1.0,0.0
201100027492,11,4,27,1855,1,2,6,1.0,6.0,63,"36, PCE GAMBETTA",,,,330,4,0.0,,,1.0,1.0,,,0.0,1.0,1.0,0.0,0.0,1.0,0.0,1.0,0.0
201100027493,11,4,27,1320,1,2,1,1.0,6.0,63,"74, CRS ARISTIDE BRIAND",,,,330,4,0.0,,,2.0,4.0,,,0.0,1.0,1.0,0.0,0.0,1.0,0.0,1.0,0.0
201100027494,11,4,24,235,5,2,1,1.0,3.0,318,AVE MAL DE LATTRE DE TAS,,,,330,4,0.0,,,2.0,3.0,,,0.0,1.0,1.0,0.0,150.0,1.0,0.0,1.0,0.0
201100027495,11,4,26,1900,1,2,6,1.0,6.0,167,AVE DES MONDAULTS,,,,330,4,0.0,,,3.0,0.0,,,0.0,1.0,1.0,0.0,0.0,1.0,5.0,1.0,0.0
201100027496,11,4,27,2150,5,2,2,1.0,6.0,63,"220, CRS DE LA MARNE",,,,330,4,0.0,,,2.0,2.0,,,0.0,1.0,1.0,0.0,90.0,1.0,5.0,1.0,0.0
201100027497,11,4,26,1905,1,2,6,1.0,6.0,281,AVE DE L'YSER,,,,330,4,0.0,,,2.0,2.0,,,0.0,1.0,1.0,0.0,0.0,1.0,0.0,1.0,0.0
201100027498,11,4,25,2100,5,2,6,1.0,7.0,192,CRS DU GENERAL DE GAULLE,,,,330,4,0.0,,,2.0,2.0,,,0.0,1.0,1.0,0.0,0.0,1.0,0.0,1.0,0.0
201100027499,11,4,23,1600,1,2,4,1.0,3.0,550,AVE FERNAND GRANET,,,,330,4,0.0,,,2.0,2.0,,,0.0,1.0,1.0,0.0,0.0,1.0,0.0,1.0,0.0
201100027500,11,4,29,1800,1,2,1,1.0,3.0,63,"244, AVE THIERS",,,,330,4,0.0,,,3.0,0.0,,,0.0,1.0,1.0,0.0,0.0,1.0,0.0,1.0,0.0
201100027501,11,5,1,1645,1,2,1,1.0,2.0,63,"125, RUE MOUNEYRA",,,,330,4,0.0,,,1.0,1.0,,,0.0,1.0,1.0,0.0,53.0,1.0,0.0,1.0,0.0
201100027502,11,4,28,1810,1,2,3,1.0,6.0,63,RES DES CHARTRONS,,,,330,4,0.0,,,3.0,8.0,,,3.0,1.0,1.0,0.0,0.0,1.0,4.0,1.0,0.0
201100027503,11,5,1,1805,1,2,4,8.0,2.0,63,"60, BD PIERRE 1ER",,,,330,4,0.0,,,2.0,2.0,,,0.0,1.0,1.0,0.0,0.0,1.0,0.0,1.0,0.0
201100027504,11,4,22,1215,1,2,1,1.0,3.0,192,"237, CRS DU GENERAL DE G",,,,330,4,0.0,,,2.0,2.0,,,0.0,1.0,3.0,0.0,79.0,1.0,0.0,1.0,0.0
201100027505,11,4,29,845,1,2,3,1.0,6.0,63,"38, RUE CAPDEVILLE",,,,330,4,0.0,,,1.0,1.0,,,0.0,1.0,1.0,0.0,0.0,1.0,0.0,1.0,0.0
201100027506,11,4,26,1930,1,2,3,1.0,4.0,318,"46, AVE DE MADRAN",,,,330,4,0.0,,,2.0,2.0,,,2.0,1.0,1.0,0.0,88.0,1.0,5.0,1.0,0.0
201100027507,11,5,2,1500,1,2,1,1.0,4.0,63,PONT DE PIERRE,,,,330,4,0.0,,,3.0,4.0,,,2.0,1.0,1.0,0.0,85.0,1.0,2.0,1.0,99.0
201100027508,11,5,2,2025,1,2,2,1.0,6.0,63,", RUE CAZEMAJOR",,,,330,4,0.0,,,1.0,2.0,,,0.0,1.0,1.0,0.0,44.0,1.0,0.0,1.0,0.0
201100027509,11,4,28,1800,1,2,1,1.0,6.0,522,"2, RUE FRANCOIS RABELAIS",,,,330,4,0.0,,,2.0,0.0,,,2.0,1.0,1.0,0.0,132.0,1.0,0.0,1.0,0.0
201100027510,11,5,1,1530,1,2,2,1.0,3.0,281,RUE ALFRED DE VIGNY,,,,330,4,0.0,,,2.0,2.0,,,2.0,1.0,1.0,0.0,130.0,1.0,0.0,1.0,0.0
201100027511,11,5,4,1610,1,2,2,1.0,6.0,63,AVE DE VERDUN CAUD,,,,330,4,0.0,,,2.0,2.0,,,0.0,1.0,1.0,0.0,0.0,1.0,5.0,1.0,0.0
201100027512,11,5,2,925,1,2,4,1.0,2.0,281,AVE PRESIDENT J.F. KENNE,,,,330,4,0.0,,,2.0,2.0,,,0.0,1.0,1.0,0.0,0.0,1.0,0.0,1.0,0.0
201100027513,11,4,29,1330,1,2,1,1.0,3.0,281,AVE FRANCOIS MITTERRAND,,,,330,4,0.0,,,3.0,2.0,,,0.0,1.0,1.0,0.0,70.0,1.0,0.0,1.0,0.0
201100027514,11,5,5,1617,1,2,1,1.0,7.0,63,"67, AVE DE LA REPUBLIQUE",,,,330,4,0.0,,,1.0,2.0,,,2.0,1.0,1.0,0.0,140.0,1.0,0.0,1.0,0.0
201100027515,11,5,6,1420,1,2,2,1.0,6.0,63,"178, RUE JUDAIQUE",,,,330,4,0.0,,,1.0,2.0,,,0.0,1.0,1.0,0.0,62.0,1.0,0.0,1.0,0.0
201100027516,11,5,7,501,5,2,2,1.0,3.0,63,RUE RENAULT CAUD,,,,330,4,0.0,,,2.0,2.0,,,0.0,1.0,1.0,0.0,0.0,1.0,0.0,1.0,0.0
201100027517,11,5,7,1530,1,2,1,1.0,6.0,69,"100, AVE D'EYSINES",,,,330,4,0.0,,,2.0,2.0,,,0.0,1.0,1.0,0.0,50.0,1.0,0.0,1.0,0.0
201100027518,11,5,6,1230,1,2,1,1.0,3.0,65,ACC CENTRE COMMERCIAL AU,,,,330,6,0.0,,,2.0,2.0,,,0.0,1.0,1.0,0.0,100.0,1.0,0.0,1.0,0.0
201100027519,11,5,6,1720,1,2,2,1.0,3.0,63,CRS D'ALBRET,,,,330,4,0.0,,,2.0,4.0,,,0.0,1.0,1.0,0.0,150.0,1.0,0.0,1.0,0.0
201100027520,11,5,7,2050,1,2,2,1.0,1.0,63,"94, RUE SAINT NICOLAS",,,,330,4,0.0,,,1.0,1.0,,,0.0,1.0,1.0,0.0,93.0,1.0,5.0,1.0,0.0
201100027521,11,5,8,2215,2,2,1,1.0,6.0,63,"12, RUE DE MARSEILLE",,,,330,4,0.0,,,2.0,2.0,,,0.0,1.0,3.0,0.0,60.0,1.0,0.0,1.0,0.0
201100027522,11,5,5,1125,1,2,2,1.0,2.0,249,QUAI NUMA SENSINE,,,,330,4,0.0,,,2.0,2.0,,,0.0,1.0,1.0,0.0,0.0,1.0,0.0,1.0,0.0
201100027523,11,5,9,1645,1,2,1,1.0,6.0,63,"93, RUE STEHELIN CAUD",,,,330,4,0.0,,,0.0,1.0,,,0.0,1.0,0.0,0.0,0.0,1.0,0.0,1.0,0.0
201100027524,11,4,29,720,1,2,3,1.0,6.0,192,RUE DU PROFESSEUR VILLEM,,,,330,4,0.0,,,0.0,0.0,,,0.0,1.0,1.0,0.0,0.0,1.0,0.0,1.0,0.0
201100027525,11,5,7,1415,1,2,2,2.0,2.0,119,AVE JEAN ZAY,,,,330,4,0.0,,,1.0,1.0,,,0.0,1.0,1.0,0.0,0.0,2.0,0.0,1.0,0.0
201100027526,11,5,6,1340,1,2,1,1.0,4.0,281,AVE FRANCOIS MITTERRAND,,,,330,4,0.0,,,3.0,4.0,,,0.0,1.0,1.0,0.0,30.0,1.0,0.0,1.0,0.0
201100027527,11,5,10,745,1,2,5,1.0,3.0,63,AVE D'EYSINES CAUD,,,,330,4,0.0,,,1.0,2.0,,,0.0,1.0,1.0,0.0,0.0,1.0,0.0,1.0,0.0
201100027528,11,5,10,2250,5,2,3,1.0,6.0,63,QUAI RICHELIEU,,,,330,4,0.0,,,3.0,5.0,,,0.0,1.0,1.0,0.0,0.0,1.0,0.0,1.0,0.0
201100027529,11,5,10,1140,1,2,2,1.0,3.0,63,RUE D'AUPERIE,,,,330,4,0.0,,,2.0,2.0,,,0.0,1.0,1.0,0.0,50.0,1.0,0.0,1.0,0.0
201100027530,11,5,12,240,5,2,1,1.0,6.0,63,"225, AVE THIERS",,,,330,4,0.0,,,3.0,2.0,,,0.0,1.0,1.0,0.0,56.0,1.0,0.0,1.0,0.0
201100027531,11,5,11,750,1,2,2,1.0,4.0,63,RUE GENERAL DE LARMINAT,,,,330,4,0.0,,,3.0,6.0,,,2.0,1.0,1.0,0.0,0.0,1.0,0.0,1.0,0.0
201100027532,11,5,12,220,5,2,3,2.0,6.0,63,RUE JEAN HAMEAU,,,,330,4,0.0,,,2.0,2.0,,,0.0,1.0,1.0,0.0,0.0,2.0,0.0,3.0,0.0
201100027533,11,5,9,1737,1,2,4,1.0,3.0,318,AVE LOUIS LAUGAA,,,,330,4,0.0,,,2.0,2.0,,,0.0,1.0,1.0,0.0,0.0,1.0,0.0,1.0,0.0
201100027534,11,5,11,1230,1,2,2,1.0,3.0,63,ALL DES PEUPLIERS,,,,330,4,0.0,,,1.0,1.0,,,0.0,1.0,1.0,0.0,0.0,1.0,0.0,1.0,0.0
201100027535,11,5,10,1715,1,2,2,1.0,1.0,63,PCE MARTYRS DE LA RESIST,,,,330,4,0.0,,,2.0,3.0,,,0.0,1.0,3.0,0.0,0.0,1.0,0.0,1.0,0.0
201100027536,11,5,11,1320,1,2,6,1.0,3.0,63,CRS DE VERDUN,,,,330,4,0.0,,,2.0,6.0,,,0.0,0.0,0.0,0.0,0.0,1.0,0.0,1.0,0.0
201100027537,11,5,9,1815,1,2,1,1.0,3.0,281,CHEM DU PHARE,,,,330,4,0.0,,,2.0,2.0,,,0.0,1.0,1.0,0.0,70.0,1.0,0.0,1.0,0.0
201100027538,11,5,12,1715,1,2,8,1.0,6.0,63,RUE DU CHATEAU D'EAU,,,,330,4,0.0,,,3.0,3.0,,,3.0,1.0,1.0,0.0,0.0,1.0,4.0,1.0,0.0
201100027539,11,5,4,1220,1,2,1,1.0,6.0,281,"100, AVE DE LA SOMME",,,,330,4,0.0,,,2.0,2.0,,,3.0,1.0,1.0,0.0,70.0,1.0,0.0,1.0,0.0
201100027540,11,5,13,2130,5,2,1,1.0,6.0,63,"24, RUE RAYMOND POINCARE",,,,330,4,0.0,,,2.0,2.0,,,0.0,1.0,1.0,0.0,59.0,1.0,0.0,1.0,0.0
201100027541,11,5,13,1830,1,2,2,1.0,3.0,63,RUE PEYRONNET,,,,330,4,0.0,,,1.0,2.0,,,2.0,1.0,1.0,0.0,60.0,1.0,0.0,1.0,0.0
201100027542,11,5,15,130,5,2,5,1.0,6.0,63,"41, RUE CAPDEVILLE",,,,330,4,0.0,,,2.0,2.0,,,0.0,1.0,1.0,0.0,135.0,1.0,0.0,1.0,0.0
201100027543,11,5,13,1130,1,2,5,1.0,3.0,63,PCE ANDRE MEUNIER DIT MU,,,,330,4,0.0,,,3.0,2.0,,,0.0,1.0,1.0,0.0,0.0,1.0,0.0,1.0,0.0
201100027544,11,5,14,410,5,2,1,1.0,6.0,63,BD GODARD,,,,330,4,0.0,,,3.0,4.0,,,0.0,1.0,0.0,0.0,0.0,2.0,0.0,1.0,0.0
201100027545,11,5,9,2020,1,2,1,1.0,6.0,192,"FACE AU30, CRS DU GENERA",,,,330,4,0.0,,,3.0,2.0,,,0.0,1.0,1.0,0.0,100.0,1.0,0.0,1.0,0.0
201100027546,11,5,16,855,1,2,1,1.0,6.0,63,"11, CRS SAINT LOUIS",,,,330,4,0.0,,,1.0,2.0,,,3.0,1.0,1.0,0.0,0.0,1.0,0.0,1.0,0.0
201100027547,11,5,16,1515,1,2,1,1.0,6.0,63,"42, RUE RODRIGUES PEREIR",,,,330,4,0.0,,,1.0,1.0,,,0.0,1.0,1.0,0.0,36.0,1.0,0.0,1.0,0.0
201100027548,11,5,11,855,1,2,1,1.0,3.0,318,AVE MONTESQUIEU,,,,330,4,0.0,,,2.0,2.0,,,0.0,1.0,1.0,0.0,0.0,1.0,4.0,1.0,0.0
201100027549,11,5,16,745,1,2,2,1.0,3.0,63,RUE DE CURSOL,,,,330,4,0.0,,,2.0,2.0,,,0.0,1.0,1.0,0.0,0.0,1.0,0.0,1.0,0.0
201100027550,11,5,16,850,1,2,4,1.0,1.0,281,CHEM DU MONTEIL,,,,330,4,0.0,,,2.0,0.0,,,0.0,1.0,1.0,0.0,0.0,1.0,0.0,1.0,0.0
201100027551,11,5,17,1730,1,2,1,1.0,4.0,63,"29, BD DU PDT FRANKLIN R",,,,330,4,0.0,,,3.0,4.0,,,2.0,1.0,1.0,0.0,0.0,1.0,0.0,1.0,0.0
201100027552,11,5,10,1330,1,2,3,1.0,6.0,281,AVE HENRY LE CHATELIER,,,,330,4,0.0,,,2.0,2.0,,,0.0,1.0,1.0,0.0,110.0,1.0,0.0,1.0,0.0
201100027553,11,5,17,1625,1,2,1,1.0,6.0,63,"25, AVE BEL AIR CAUD",,,,330,4,0.0,,,2.0,2.0,,,2.0,1.0,1.0,0.0,112.0,1.0,0.0,1.0,0.0
201100027554,11,5,17,745,1,2,1,1.0,3.0,63,"2, RUE GAMBETTA CAUD",,,,330,4,0.0,,,2.0,2.0,,,0.0,0.0,1.0,0.0,93.0,1.0,0.0,1.0,0.0
201100027555,11,5,18,830,1,2,1,1.0,3.0,63,AVE DE LABARDE,,,,330,4,0.0,,,2.0,2.0,,,0.0,1.0,1.0,0.0,0.0,1.0,0.0,1.0,0.0
201100027556,11,5,18,1130,1,2,3,1.0,2.0,63,BD ALFRED DANEY,,,,330,4,0.0,,,2.0,2.0,,,2.0,1.0,1.0,0.0,110.0,1.0,0.0,1.0,0.0
201100027557,11,5,18,2100,1,2,2,1.0,6.0,63,RUE HERON,,,,330,4,0.0,,,1.0,1.0,,,3.0,1.0,1.0,0.0,54.0,1.0,0.0,1.0,0.0
201100027558,11,5,18,1730,1,2,1,1.0,6.0,63,"3, RUE ARNAUD MIQUEU",,,,330,4,0.0,,,1.0,1.0,,,0.0,1.0,1.0,0.0,0.0,1.0,0.0,1.0,0.0
201100027559,11,5,16,1200,1,2,1,1.0,6.0,318,"86, AVE PASTEUR",,,,330,4,0.0,,,2.0,2.0,,,0.0,1.0,1.0,0.0,70.0,1.0,0.0,1.0,0.0
201100027560,11,5,16,900,1,2,4,1.0,5.0,318,AVE DE NOES,,,,330,4,0.0,,,2.0,0.0,,,0.0,1.0,2.0,0.0,80.0,1.0,0.0,1.0,0.0
201100027561,11,5,16,740,1,2,2,1.0,3.0,550,RTE DE TOULOUSE,,,,330,4,0.0,,,2.0,5.0,,,0.0,1.0,1.0,0.0,0.0,1.0,0.0,1.0,0.0
201100027562,11,5,14,1250,1,2,1,1.0,2.0,550,AVE DU 7EME ART,,,,330,4,0.0,,,2.0,2.0,,,0.0,1.0,1.0,0.0,0.0,1.0,0.0,1.0,0.0
201100027563,11,5,19,1335,1,2,4,1.0,2.0,63,RUE CROIX DE SEGUEY,,,,330,4,0.0,,,1.0,1.0,,,0.0,1.0,1.0,0.0,0.0,2.0,0.0,1.0,0.0
201100027564,11,5,19,1145,1,2,2,2.0,6.0,63,CRS DE VERDUN,,,,330,4,0.0,,,3.0,5.0,,,0.0,1.0,1.0,0.0,103.0,2.0,0.0,1.0,0.0
201100027565,11,5,19,2250,5,2,1,1.0,7.0,63,"01, RUE DE LA BENAUGE",,,,330,4,0.0,,,2.0,2.0,,,0.0,1.0,1.0,0.0,0.0,1.0,0.0,1.0,0.0
201100027566,11,5,19,1805,1,2,1,1.0,3.0,63,"62, CRS DE VERDUN",,,,330,4,0.0,,,2.0,7.0,,,0.0,1.0,1.0,0.0,75.0,1.0,0.0,1.0,0.0
201100027567,11,5,19,1440,1,2,2,1.0,5.0,63,PASS BRIAN,,,,330,4,0.0,,,1.0,1.0,,,0.0,1.0,1.0,0.0,36.0,1.0,5.0,1.0,0.0
201100027568,11,5,19,1830,1,2,2,1.0,6.0,63,RUE BARREYRE,,,,330,4,0.0,,,1.0,1.0,,,2.0,1.0,1.0,0.0,0.0,1.0,0.0,1.0,0.0
201100027569,11,5,19,2100,1,2,1,1.0,3.0,119,"13, RUE CAMILLE PELLETAN",,,,330,4,0.0,,,1.0,1.0,,,0.0,1.0,1.0,0.0,60.0,1.0,0.0,1.0,0.0
201100027570,11,5,20,1815,1,2,1,1.0,3.0,63,"78, RUE DE LACANAU",,,,330,4,0.0,,,2.0,2.0,,,0.0,1.0,1.0,0.0,75.0,1.0,0.0,1.0,0.0
201100027571,11,5,20,900,1,2,1,1.0,1.0,63,"2 bis, RUE BELLUS MAREIL",,,,330,4,0.0,,,2.0,2.0,,,0.0,1.0,1.0,0.0,64.0,1.0,0.0,1.0,0.0
201100027572,11,5,20,1715,1,2,3,2.0,3.0,63,"121, QUAI DE LA SOUYS",,,,330,4,0.0,,,3.0,4.0,,,3.0,1.0,1.0,0.0,0.0,2.0,0.0,1.0,0.0
201100027573,11,5,18,1340,1,2,2,1.0,6.0,63,AVE D'EYSINES CAUD,,,,330,4,0.0,,,0.0,2.0,,,0.0,1.0,1.0,0.0,80.0,1.0,0.0,1.0,0.0
201100027574,11,5,19,1203,1,2,2,1.0,3.0,249,RUE DES GRAVIERES,,,,330,4,0.0,,,2.0,2.0,,,0.0,1.0,1.0,0.0,0.0,1.0,0.0,1.0,0.0
201100027575,11,5,18,1440,1,2,1,1.0,6.0,32,QUAI DE VIAL,,,,330,4,0.0,,,2.0,2.0,,,0.0,1.0,1.0,0.0,74.0,1.0,0.0,1.0,0.0
201100027576,11,5,16,1710,1,2,1,7.0,6.0,522,"79, BD DU PDT FRANKLIN R",,,,330,4,0.0,,,3.0,4.0,,,2.0,2.0,1.0,0.0,74.0,1.0,0.0,1.0,0.0
201100027577,11,5,23,1640,1,2,3,1.0,3.0,63,RUE MAUBOURGUET,,,,330,4,0.0,,,1.0,2.0,,,2.0,1.0,1.0,0.0,103.0,1.0,0.0,1.0,0.0
201100027578,11,5,23,645,1,2,2,1.0,3.0,63,AVE DES TROIS CARDINAUX,,,,330,4,0.0,,,2.0,3.0,,,0.0,1.0,1.0,0.0,0.0,1.0,0.0,1.0,0.0
201100027579,11,5,23,1830,1,2,1,1.0,6.0,63,"39, AVE THIERS",,,,330,4,0.0,,,3.0,8.0,,,2.0,1.0,1.0,0.0,54.0,1.0,4.0,1.0,0.0
201100027580,11,5,24,1705,1,2,1,1.0,3.0,63,"67, RUE DES CARMES",,,,330,4,0.0,,,1.0,1.0,,,3.0,2.0,1.0,0.0,51.0,1.0,0.0,1.0,0.0
201100027581,11,5,24,2350,5,2,7,1.0,6.0,63,QUAI DU MARECHAL LYAUTEY,,,,330,4,0.0,,,3.0,2.0,,,0.0,1.0,1.0,0.0,0.0,1.0,0.0,1.0,0.0
201100027582,11,5,24,1700,1,2,4,1.0,6.0,63,PCE DE LONGCHAMPS,,,,330,4,0.0,,,0.0,1.0,,,0.0,1.0,1.0,0.0,50.0,1.0,0.0,1.0,0.0
201100027583,11,5,24,1206,1,2,2,1.0,6.0,63,"240, ALL DES PASTEURINES",,,,330,4,0.0,,,2.0,2.0,,,2.0,1.0,1.0,0.0,0.0,1.0,0.0,1.0,0.0
201100027584,11,5,23,855,1,2,1,1.0,5.0,281,AVE FRANCOIS MITTERRAND,,,,330,4,0.0,,,2.0,2.0,,,0.0,1.0,1.0,0.0,100.0,1.0,0.0,1.0,0.0
201100027585,11,5,24,925,1,2,2,9.0,2.0,318,"71, AVE DU BOURGAILH",,,,330,4,0.0,,,0.0,0.0,,,0.0,1.0,1.0,0.0,0.0,1.0,0.0,1.0,0.0
201100027586,11,5,26,2100,1,2,3,1.0,6.0,119,RUE LOUIS PERGAUD,,,,330,4,0.0,,,1.0,1.0,,,0.0,1.0,1.0,0.0,0.0,1.0,0.0,1.0,0.0