Num_Acc,an,mois,jour,hrmn,lum,agg,int,atm,col,com,adr,gps,lat,long,dep,catr,voie,v1,v2,circ,nbv,pr,pr1,vosp,prof,plan,lartpc,larrout,surf,infra,situ,env1
201100027841,11,9,9,956,1,2,1,1.0,1.0,63,RUE JULES FERRY CAUD,,,,330,4,0.0,,,1.0,3.0,,,2.0,1.0,1.0,0.0,0.0,1.0,0.0,1.0,0.0
201100027842,11,9,7,1930,1,2,1,1.0,3.0,318,AVE DE LA TUILERANNE,,,,330,4,0.0,,,2.0,2.0,,,0.0,1.0,1.0,0.0,0.0,1.0,0.0,1.0,0.0
201100027843,11,9,12,1520,1,2,1,1.0,2.0,63,"29, RUE DU MIRAIL",,,,330,4,0.0,,,1.0,1.0,,,0.0,1.0,1.0,0.0,0.0,1.0,0.0,1.0,0.0
201100027844,11,9,11,110,5,2,1,1.0,7.0,63,"184, AVE THIERS",,,,330,4,0.0,,,3.0,6.0,,,0.0,1.0,1.0,0.0,57.0,1.0,0.0,4.0,0.0
201100027845,11,9,7,1810,1,2,3,2.0,3.0,318,MAIL PIERRE MENDES FRANC,,,,330,4,0.0,,,2.0,1.0,,,0.0,1.0,1.0,0.0,0.0,1.0,1.0,1.0,0.0
201100027846,11,9,7,1200,1,2,2,2.0,3.0,281,AVE PRESIDENT J.F. KENNE,,,,330,4,0.0,,,2.0,2.0,,,0.0,1.0,2.0,0.0,0.0,2.0,0.0,1.0,0.0
201100027847,11,9,12,1740,1,2,7,1.0,6.0,63,PCE PEY BERLAND,,,,330,4,0.0,,,1.0,3.0,,,0.0,1.0,1.0,0.0,0.0,1.0,0.0,1.0,0.0
201100027848,11,9,13,1645,1,2,1,1.0,2.0,63,PONT DE PIERRE,,,,330,4,0.0,,,3.0,4.0,,,0.0,1.0,1.0,60.0,25.0,1.0,0.0,1.0,0.0
201100027849,11,9,13,1850,1,2,3,1.0,3.0,63,RUE JEAN RENAUD DANDICOL,,,,330,4,0.0,,,1.0,1.0,,,0.0,1.0,1.0,0.0,0.0,1.0,0.0,1.0,0.0
201100027850,11,9,7,1430,1,2,6,2.0,3.0,39,AVE ROGER SALENGRO,,,,330,4,0.0,,,0.0,2.0,,,0.0,0.0,0.0,0.0,0.0,2.0,0.0,0.0,0.0
201100027851,11,9,14,1118,1,2,5,1.0,6.0,63,RUE SULLIVAN,,,,330,4,0.0,,,2.0,2.0,,,0.0,1.0,2.0,0.0,0.0,1.0,0.0,0.0,0.0
201100027852,11,9,7,1230,1,2,6,1.0,3.0,318,AVE DU DOCTEUR NANCEL PE,,,,330,4,0.0,,,2.0,2.0,,,0.0,1.0,3.0,0.0,0.0,1.0,0.0,1.0,0.0
201100027853,11,9,15,2200,5,2,2,1.0,3.0,63,RUE ABBE DE L'EPEE,,,,330,4,0.0,,,2.0,2.0,,,0.0,1.0,1.0,0.0,0.0,1.0,0.0,0.0,0.0
201100027854,11,9,14,1745,1,2,4,1.0,3.0,63,AVE LOUIS BARTHOU CAUD,,,,330,4,0.0,,,2.0,3.0,,,0.0,1.0,0.0,0.0,0.0,1.0,0.0,1.0,0.0
201100027855,11,9,15,735,1,2,5,1.0,3.0,522,RUE ALDONA,,,,330,4,0.0,,,2.0,2.0,,,0.0,1.0,1.0,0.0,0.0,1.0,0.0,1.0,0.0
201100027856,11,9,16,240,5,2,1,1.0,6.0,63,"21, ALL HAUSMANN",,,,330,4,0.0,,,2.0,2.0,,,0.0,1.0,1.0,0.0,0.0,1.0,0.0,1.0,0.0
201100027857,11,9,17,2240,5,2,1,2.0,3.0,63,"66, CRS GEORGES CLEMENCE",,,,330,4,0.0,,,2.0,4.0,,,0.0,1.0,1.0,0.0,0.0,2.0,0.0,1.0,3.0
201100027858,11,9,16,1245,1,2,2,1.0,3.0,63,CRS DU MARECHAL GALLIENI,,,,330,4,0.0,,,2.0,2.0,,,2.0,1.0,1.0,0.0,0.0,1.0,0.0,1.0,0.0
201100027859,11,9,12,1750,1,2,6,1.0,2.0,318,AVE DES PROVINCES,,,,330,4,0.0,,,0.0,2.0,,,0.0,0.0,0.0,0.0,0.0,0.0,0.0,0.0,0.0
201100027860,11,9,17,1120,1,2,1,1.0,3.0,63,"87, RUE DU TONDU",,,,330,4,0.0,,,1.0,1.0,,,0.0,1.0,1.0,0.0,0.0,1.0,0.0,1.0,0.0
201100027861,11,9,12,1635,1,2,1,1.0,3.0,39,"40, AVE JEANNE D'ARC",,,,330,4,0.0,,,3.0,2.0,,,0.0,1.0,3.0,0.0,0.0,1.0,0.0,1.0,0.0
201100027862,11,9,13,1445,1,2,4,1.0,3.0,318,AVE PASTEUR,,,,330,4,0.0,,,2.0,2.0,,,0.0,1.0,3.0,0.0,0.0,1.0,0.0,1.0,0.0
201100027863,11,9,16,1356,1,2,1,1.0,4.0,63,"43, BD ANTOINE GAUTIER",,,,330,4,0.0,,,3.0,4.0,,,2.0,2.0,1.0,0.0,0.0,1.0,0.0,1.0,0.0
201100027864,11,9,13,805,1,2,4,1.0,2.0,63,BD DU PRESIDENT WILSON,,,,330,4,0.0,,,3.0,0.0,,,0.0,1.0,1.0,0.0,150.0,1.0,0.0,1.0,0.0
201100027865,11,9,9,2149,5,2,6,1.0,7.0,522,AVE ROUL,,,,330,4,0.0,,,3.0,2.0,,,2.0,2.0,1.0,0.0,0.0,1.0,0.0,1.0,0.0
201100027866,11,9,19,1742,1,2,1,1.0,6.0,522,"545, CRS DE LA LIBERATIO",,,,330,4,0.0,,,3.0,2.0,,,0.0,1.0,1.0,0.0,0.0,2.0,0.0,1.0,0.0
201100027867,11,9,19,1050,1,2,2,2.0,3.0,63,RUE DAVID JOHNSTON,,,,330,4,0.0,,,2.0,2.0,,,0.0,1.0,1.0,0.0,0.0,1.0,0.0,1.0,0.0
201100027868,11,9,13,1610,1,2,1,1.0,4.0,522,"320, CRS MARECHAL GALLIE",,,,330,4,0.0,,,2.0,2.0,,,0.0,2.0,1.0,0.0,0.0,1.0,0.0,1.0,0.0
201100027869,11,9,13,1006,1,2,1,1.0,6.0,522,"142, AVE ROUL",,,,330,4,0.0,,,2.0,2.0,,,3.0,1.0,1.0,0.0,0.0,1.0,4.0,1.0,0.0
201100027870,11,9,19,1240,1,2,1,2.0,6.0,522,"48, RUE ANATOLE FRANCE",,,,330,4,0.0,,,2.0,2.0,,,2.0,1.0,1.0,0.0,0.0,2.0,0.0,1.0,0.0
201100027871,11,9,19,1610,4,2,1,1.0,7.0,63,"107, CRS D'ALBRET",,,,330,5,0.0,,,2.0,4.0,,,0.0,1.0,1.0,0.0,0.0,1.0,0.0,1.0,0.0
201100027872,11,9,20,1120,1,2,3,2.0,3.0,63,CRS VICTOR HUGO,,,,330,4,0.0,,,3.0,4.0,,,2.0,1.0,1.0,0.0,0.0,1.0,0.0,1.0,0.0
201100027873,11,9,20,1450,1,2,1,1.0,3.0,63,"351, BD DU PRESIDENT WIL",,,,330,4,0.0,,,3.0,4.0,,,2.0,1.0,1.0,0.0,0.0,1.0,0.0,1.0,0.0
201100027874,11,9,13,1950,2,2,3,1.0,7.0,522,RUE BLAISE PASCAL,,,,330,4,0.0,,,1.0,1.0,,,0.0,1.0,1.0,0.0,0.0,1.0,0.0,1.0,0.0
201100027875,11,9,20,1210,1,2,2,1.0,3.0,63,"365, AVE THIERS",,,,330,4,0.0,,,3.0,6.0,,,2.0,1.0,1.0,0.0,0.0,1.0,4.0,1.0,0.0
201100027876,11,9,14,1550,1,2,1,1.0,6.0,249,"76, RUE LAVERGNE",,,,330,4,0.0,,,2.0,0.0,,,0.0,1.0,1.0,0.0,0.0,1.0,0.0,1.0,0.0
201100027877,11,9,20,1925,2,2,2,1.0,6.0,63,"111, CRS DU MEDOC",,,,330,4,0.0,,,2.0,2.0,,,2.0,1.0,1.0,0.0,0.0,1.0,0.0,1.0,0.0
201100027878,11,9,20,940,1,2,1,1.0,7.0,63,"204, CRS SAINT LOUIS",,,,330,4,0.0,,,4.0,2.0,,,0.0,1.0,1.0,0.0,0.0,1.0,0.0,0.0,0.0
201100027879,11,9,15,835,1,2,6,1.0,3.0,522,AVE DES ARTS ET METIERS,,,,330,4,0.0,,,3.0,2.0,,,0.0,0.0,0.0,0.0,0.0,1.0,0.0,1.0,0.0
201100027880,11,9,17,615,5,2,6,1.0,6.0,119,"135, AVE RENE CASSAGNE",,,,330,4,0.0,,,3.0,2.0,,,0.0,1.0,0.0,0.0,0.0,1.0,0.0,1.0,0.0
201100027881,11,9,15,1450,1,2,2,1.0,3.0,281,AVE DE LA GRANGE NOIRE,,,,330,4,0.0,,,2.0,2.0,,,0.0,1.0,1.0,0.0,0.0,1.0,0.0,1.0,0.0
201100027882,11,9,15,920,1,2,3,1.0,3.0,281,AVE DE L'YSER,,,,330,4,0.0,,,3.0,2.0,,,0.0,1.0,1.0,40.0,25.0,1.0,0.0,1.0,0.0
201100027883,11,9,18,2130,5,2,2,2.0,3.0,281,AVE DU MARECHAL LECLERC,,,,330,4,0.0,,,2.0,2.0,,,3.0,1.0,1.0,0.0,0.0,2.0,4.0,1.0,0.0
201100027884,11,9,22,1605,1,2,2,1.0,3.0,63,"25, PCE MARTYRS DE LA RE",,,,330,4,0.0,,,2.0,2.0,,,0.0,1.0,1.0,0.0,0.0,1.0,0.0,1.0,0.0
201100027885,11,9,22,730,1,2,1,1.0,6.0,63,"50, BD MARECHAL LECLERC",,,,330,4,0.0,,,3.0,4.0,,,2.0,1.0,1.0,0.0,0.0,1.0,4.0,1.0,0.0
201100027886,11,9,22,1845,1,2,3,1.0,3.0,63,"00, CRS VICTOR HUGO",,,,330,4,0.0,,,2.0,2.0,,,0.0,1.0,1.0,0.0,0.0,1.0,0.0,1.0,0.0
201100027887,11,9,22,1425,1,2,1,1.0,6.0,63,"4, PCE GAMBETTA",,,,330,4,0.0,,,1.0,3.0,,,0.0,1.0,4.0,0.0,0.0,1.0,0.0,1.0,0.0
201100027888,11,9,21,1655,1,2,3,7.0,6.0,63,ALL DE TOURNY,,,,330,4,0.0,,,1.0,3.0,,,2.0,1.0,2.0,0.0,0.0,1.0,4.0,1.0,0.0
201100027889,11,9,25,300,5,2,1,1.0,2.0,63,RUE SOUBIRAS CAUD,,,,330,4,0.0,,,2.0,2.0,,,0.0,1.0,1.0,0.0,0.0,2.0,0.0,1.0,0.0
201100027890,11,9,16,1750,1,2,6,1.0,3.0,318,VOIE ROMAINE,,,,330,4,0.0,,,2.0,2.0,,,0.0,1.0,3.0,0.0,0.0,1.0,0.0,1.0,0.0
201100027891,11,9,25,710,5,2,1,1.0,6.0,63,"19, QUAI DES SALINIERES",,,,330,4,0.0,,,0.0,2.0,,,3.0,1.0,1.0,0.0,0.0,1.0,4.0,1.0,0.0
201100027892,11,9,23,1400,1,2,2,1.0,3.0,63,RUE POMME D'OR,,,,330,4,0.0,,,2.0,2.0,,,0.0,1.0,1.0,0.0,0.0,1.0,0.0,1.0,0.0
201100027893,11,9,23,2000,5,2,2,1.0,3.0,63,ALL JEAN GIONO,,,,330,4,0.0,,,2.0,4.0,,,0.0,1.0,1.0,0.0,0.0,1.0,0.0,1.0,0.0
201100027894,11,9,23,1015,1,2,5,1.0,3.0,63,CRS DE L'ARGONNE,,,,330,4,0.0,,,1.0,1.0,,,0.0,1.0,1.0,0.0,0.0,1.0,4.0,1.0,0.0
201100027895,11,9,23,2120,5,2,3,1.0,2.0,63,RUE CLAUDE BONNIER,,,,330,4,0.0,,,2.0,4.0,,,0.0,2.0,1.0,0.0,0.0,1.0,4.0,1.0,0.0
201100027896,11,9,24,540,5,2,1,1.0,6.0,63,QUAI DU MAROC,,,,330,4,0.0,,,2.0,2.0,,,0.0,1.0,2.0,0.0,0.0,2.0,0.0,2.0,0.0
201100027897,11,9,25,625,5,2,2,1.0,3.0,281,RUE D'EYSINES,,,,330,4,0.0,,,2.0,2.0,,,0.0,1.0,1.0,0.0,0.0,1.0,0.0,1.0,0.0
201100027898,11,9,26,1210,1,2,2,1.0,3.0,63,RUE PASTEUR CAUD,,,,330,4,0.0,,,1.0,2.0,,,0.0,1.0,1.0,0.0,0.0,1.0,0.0,1.0,0.0
201100027899,11,9,26,910,1,2,5,1.0,3.0,63,RUE LE CHAPELIER,,,,330,4,0.0,,,1.0,2.0,,,1.0,1.0,1.0,0.0,0.0,1.0,0.0,1.0,0.0
201100027900,11,9,26,1410,1,2,1,1.0,6.0,63,"10, RUE CLARE",,,,330,4,0.0,,,2.0,2.0,,,0.0,1.0,1.0,0.0,0.0,1.0,0.0,1.0,0.0
201100027901,11,9,23,850,1,2,3,1.0,3.0,281,MERIGNAC (AVENUE DE),,,,330,4,0.0,,,2.0,2.0,,,0.0,1.0,1.0,0.0,0.0,1.0,0.0,1.0,0.0
201100027902,11,9,23,2110,5,2,2,1.0,3.0,249,COTE DE LA GARONNE,,,,330,4,0.0,,,3.0,4.0,,,0.0,2.0,1.0,0.0,0.0,1.0,4.0,1.0,0.0
201100027903,11,9,16,1740,1,2,3,1.0,3.0,522,"68, RUE BOURGES",,,,330,4,0.0,,,2.0,2.0,,,0.0,0.0,1.0,0.0,0.0,1.0,0.0,1.0,0.0
201100027904,11,9,16,330,5,2,3,2.0,3.0,192,RUE SAINT-FRANCOIS XAVIE,,,,330,4,0.0,,,2.0,1.0,,,0.0,1.0,1.0,0.0,0.0,1.0,0.0,1.0,0.0
201100027905,11,9,20,1755,1,2,1,1.0,4.0,281,RUE ROLAND GARROS,,,,330,4,0.0,,,2.0,2.0,,,0.0,1.0,1.0,0.0,0.0,1.0,0.0,1.0,0.0
201100027906,11,9,27,1610,1,2,1,1.0,3.0,63,RUE GENERAL DE LARMINAT,,,,330,4,0.0,,,3.0,5.0,,,2.0,1.0,1.0,0.0,0.0,1.0,0.0,1.0,0.0
201100027907,11,9,25,1930,1,2,1,1.0,1.0,39,AVE DU PROFESSEUR BERGON,,,,330,4,0.0,,,2.0,2.0,,,0.0,1.0,1.0,0.0,0.0,1.0,0.0,1.0,0.0
201100027908,11,9,26,1415,1,2,4,1.0,3.0,39,RUE DES QUATRE CASTERA,,,,330,4,0.0,,,2.0,2.0,,,0.0,1.0,2.0,0.0,0.0,1.0,0.0,1.0,0.0
201100027909,11,9,27,1200,1,2,1,1.0,3.0,63,CRS DE L'YSER,,,,330,4,0.0,,,2.0,2.0,,,1.0,1.0,1.0,0.0,0.0,1.0,0.0,1.0,0.0
201100027910,11,9,29,1813,1,2,2,1.0,3.0,63,RUE CATROS,,,,330,4,0.0,,,2.0,2.0,,,0.0,1.0,1.0,0.0,0.0,1.0,0.0,1.0,0.0
201100027911,11,9,29,1150,1,2,1,1.0,6.0,63,"20, QUAI RICHELIEU",,,,330,4,0.0,,,3.0,7.0,,,0.0,1.0,1.0,0.0,0.0,1.0,4.0,1.0,0.0
201100027912,11,9,22,1050,1,2,1,1.0,6.0,69,"220, AVE DE LA LIBERATIO",,,,330,4,0.0,,,2.0,2.0,,,0.0,1.0,1.0,0.0,0.0,1.0,0.0,1.0,0.0
201100027913,11,9,22,1230,1,2,2,1.0,3.0,75,AVE JEAN JAURES,,,,330,4,0.0,,,2.0,2.0,,,0.0,1.0,1.0,0.0,0.0,1.0,0.0,1.0,0.0
201100027914,11,9,22,1129,1,2,1,1.0,3.0,318,"6, AVE DU HAUT LEVEQUE",,,,330,4,0.0,,,2.0,3.0,,,2.0,1.0,1.0,0.0,0.0,1.0,0.0,1.0,0.0
201100027915,11,9,23,1235,1,2,1,1.0,6.0,318,"162, AVE MAL DE LATTRE D",,,,330,4,0.0,,,2.0,2.0,,,0.0,1.0,1.0,0.0,0.0,1.0,0.0,1.0,0.0
201100027916,11,9,30,2048,5,2,1,1.0,6.0,63,QUAI SAINTE- CROIX,,,,330,4,0.0,,,2.0,2.0,,,3.0,1.0,1.0,0.0,0.0,1.0,4.0,1.0,0.0
201100027917,11,9,30,755,1,2,3,2.0,3.0,63,CRS DE LA SOMME,,,,330,4,0.0,,,2.0,2.0,,,0.0,1.0,1.0,0.0,0.0,1.0,0.0,1.0,0.0
201100027918,11,9,30,2315,4,1,1,1.0,7.0,63,CRS CHARLES BRICAUD,,,,330,4,0.0,,,2.0,5.0,,,0.0,1.0,1.0,0.0,0.0,1.0,0.0,1.0,0.0
201100027919,11,9,28,1545,1,2,1,1.0,2.0,281,AVE MAL DE LATTRE DE TAS,,,,330,4,0.0,,,2.0,2.0,,,0.0,1.0,1.0,0.0,0.0,1.0,0.0,1.0,0.0
201100027920,11,9,30,825,1,2,2,1.0,6.0,63,RUE PIERRE TREBOD,,,,330,4,0.0,,,2.0,2.0,,,0.0,1.0,1.0,0.0,0.0,1.0,0.0,1.0,0.0
201100027921,11,10,3,825,1,2,2,1.0,3.0,63,RUE JEAN ET CHARLES PANN,,,,330,4,0.0,,,1.0,1.0,,,0.0,1.0,1.0,0.0,0.0,1.0,0.0,1.0,0.0
201100027922,11,10,3,2300,5,2,2,1.0,3.0,63,"17, CRS BALGUERIE STUTTE",,,,330,4,0.0,,,1.0,2.0,,,0.0,1.0,1.0,0.0,110.0,1.0,0.0,1.0,0.0
201100027923,11,10,3,1000,1,2,1,1.0,6.0,63,QUAI SAINTE- CROIX,,,,330,4,0.0,,,0.0,0.0,,,0.0,0.0,0.0,0.0,0.0,0.0,0.0,1.0,0.0
201100027924,11,9,27,1840,1,2,1,1.0,6.0,318,AVE DES FACULTES,,,,330,4,0.0,,,2.0,4.0,,,0.0,1.0,1.0,0.0,0.0,1.0,0.0,1.0,3.0
201100027925,11,9,19,1135,1,2,5,2.0,6.0,281,AVE DE LA LIBERATION,,,,330,4,0.0,,,1.0,1.0,,,0.0,1.0,2.0,0.0,0.0,2.0,0.0,1.0,0.0
201100027926,11,9,27,1407,1,2,3,1.0,3.0,192,"24, CRS DU GENERAL DE GA",,,,330,4,0.0,,,0.0,2.0,,,0.0,0.0,0.0,0.0,0.0,0.0,0.0,0.0,0.0
201100027927,11,9,23,1630,1,2,2,1.0,3.0,281,AVE D'ARES,,,,330,4,0.0,,,2.0,2.0,,,0.0,2.0,1.0,0.0,0.0,1.0,0.0,1.0,0.0
201100027928,11,9,22,1510,1,2,3,1.0,3.0,281,AVE DE LA MARNE,,,,330,4,0.0,,,3.0,7.0,,,0.0,1.0,1.0,0.0,0.0,1.0,0.0,1.0,0.0
201100027929,11,10,4,815,2,2,3,1.0,3.0,63,RUE DE LA BENAUGE,,,,330,4,0.0,,,2.0,2.0,,,0.0,1.0,1.0,0.0,0.0,1.0,0.0,1.0,0.0
201100027930,11,10,3,1325,1,2,6,1.0,6.0,249,AVE DE LA LIBERATION,,,,330,4,0.0,,,2.0,4.0,,,0.0,1.0,0.0,0.0,0.0,1.0,0.0,1.0,0.0
201100027931,11,9,30,420,5,2,6,1.0,6.0,69,"74, RTE DU MEDOC",,,,330,4,0.0,,,3.0,2.0,,,0.0,1.0,1.0,0.0,0.0,1.0,0.0,1.0,0.0
201100027932,11,10,4,1940,2,2,2,1.0,1.0,63,RUE DE LEYBARDIE,,,,330,4,0.0,,,2.0,2.0,,,0.0,1.0,1.0,0.0,0.0,1.0,0.0,1.0,0.0
201100027933,11,10,2,1620,1,2,1,1.0,1.0,318,RUE GUTENBERG,,,,330,4,0.0,,,2.0,2.0,,,0.0,1.0,1.0,0.0,0.0,1.0,0.0,1.0,0.0
201100027934,11,10,4,1306,1,2,6,1.0,3.0,249,RUE DE LA BUTTINIERE,,,,330,4,0.0,,,2.0,2.0,,,0.0,1.0,0.0,0.0,212.0,1.0,0.0,1.0,0.0
201100027935,11,9,27,1630,1,2,2,1.0,3.0,192,CRS DU GENERAL DE GAULLE,,,,330,4,0.0,,,2.0,3.0,,,0.0,1.0,1.0,0.0,0.0,1.0,0.0,1.0,0.0
201100027936,11,9,28,1730,1,2,9,1.0,2.0,522,AVE ROUL,,,,330,4,0.0,,,2.0,3.0,,,1.0,1.0,1.0,0.0,0.0,1.0,0.0,1.0,0.0
201100027937,11,10,5,1935,5,2,5,1.0,6.0,63,PCE DE LONGCHAMPS,,,,330,4,0.0,,,2.0,2.0,,,2.0,1.0,1.0,0.0,0.0,1.0,0.0,1.0,0.0
201100027938,11,10,6,1905,5,2,1,2.0,2.0,63,"174, CRS DU MEDOC",,,,330,4,0.0,,,2.0,4.0,,,2.0,1.0,1.0,0.0,0.0,2.0,0.0,1.0,0.0
201100027939,11,10,9,1010,1,2,5,1.0,6.0,63,AVE SAINT AMAND CAUD,,,,330,4,0.0,,,2.0,2.0,,,0.0,1.0,1.0,0.0,0.0,1.0,0.0,1.0,0.0
201100027940,11,10,4,1619,1,2,2,1.0,3.0,281,RUE BREMONTIER,,,,330,4,0.0,,,2.0,2.0,,,0.0,1.0,1.0,0.0,0.0,1.0,0.0,1.0,0.0
201100027941,11,10,9,145,5,2,3,1.0,3.0,522,RUE VICTOR HUGO,,,,330,4,0.0,,,2.0,2.0,,,0.0,1.0,1.0,0.0,0.0,1.0,0.0,1.0,0.0
201100027942,11,10,8,1430,1,2,2,1.0,6.0,63,RUE PEYRONNET,,,,330,4,0.0,,,2.0,1.0,,,0.0,1.0,1.0,0.0,0.0,1.0,0.0,1.0,0.0
201100027943,11,10,3,1745,1,2,1,1.0,2.0,281,"54, AVE DE MAGUDAS",,,,330,4,0.0,,,1.0,1.0,,,0.0,1.0,1.0,0.0,0.0,1.0,0.0,1.0,0.0
201100027944,11,10,9,230,5,2,2,1.0,6.0,63,CRS DE L'YSER,,,,330,4,0.0,,,1.0,2.0,,,0.0,1.0,1.0,0.0,0.0,1.0,0.0,1.0,0.0
201100027945,11,10,10,1715,1,2,3,1.0,3.0,63,RUE DE LA ROTONDE,,,,330,4,0.0,,,2.0,2.0,,,0.0,1.0,2.0,0.0,0.0,1.0,4.0,1.0,0.0
201100027946,11,10,5,710,5,2,3,1.0,2.0,119,CRS DE VERDUN,,,,330,4,0.0,,,1.0,2.0,,,0.0,1.0,1.0,0.0,0.0,1.0,0.0,1.0,0.0
201100027947,11,10,3,1740,1,2,1,1.0,6.0,39,"193, CRS VICTOR HUGO",,,,330,4,0.0,,,2.0,2.0,,,0.0,1.0,1.0,0.0,0.0,1.0,0.0,1.0,0.0
201100027948,11,10,4,950,1,2,1,1.0,6.0,39,"418, RTE DE TOULOUSE",,,,330,4,0.0,,,2.0,2.0,,,0.0,1.0,1.0,0.0,0.0,1.0,0.0,1.0,0.0
201100027949,11,10,11,1135,1,2,1,1.0,6.0,63,"45, RUE PERINOT CAUD",,,,330,4,0.0,,,2.0,0.0,,,0.0,1.0,1.0,0.0,0.0,1.0,0.0,1.0,0.0
201100027950,11,10,11,1950,5,2,2,1.0,3.0,63,AVE DE VERDUN CAUD,,,,330,4,0.0,,,2.0,2.0,,,0.0,1.0,0.0,0.0,0.0,1.0,0.0,1.0,0.0
201100027951,11,10,5,740,1,2,3,1.0,3.0,318,RUE ALBERT LAURENSON,,,,330,4,0.0,,,2.0,2.0,,,0.0,1.0,1.0,0.0,0.0,1.0,0.0,1.0,0.0
201100027952,11,10,7,1350,1,2,1,1.0,3.0,318,AVE DU GENERAL LECLERC,,,,330,4,0.0,,,2.0,4.0,,,1.0,1.0,3.0,0.0,0.0,1.0,0.0,1.0,0.0
201100027953,11,10,12,1500,1,2,2,1.0,3.0,63,RUE EMILE FOURCAND,,,,330,4,0.0,,,1.0,1.0,,,2.0,1.0,1.0,0.0,0.0,1.0,0.0,1.0,0.0
201100027954,11,10,6,750,1,2,5,1.0,3.0,200,AVE PASTEUR,,,,330,4,0.0,,,2.0,3.0,,,0.0,1.0,0.0,0.0,0.0,1.0,0.0,1.0,0.0
201100027955,11,10,9,1550,1,2,2,1.0,3.0,75,RTE DU MEDOC,,,,330,4,0.0,,,1.0,2.0,,,2.0,1.0,1.0,0.0,0.0,1.0,0.0,1.0,0.0
201100027956,11,10,5,1245,1,2,1,1.0,6.0,318,"65, AVE PASTEUR",,,,330,4,0.0,,,2.0,2.0,,,0.0,1.0,1.0,0.0,0.0,1.0,0.0,1.0,0.0
201100027957,11,10,5,1645,1,2,1,1.0,3.0,281,AVE FRANCOIS MITTERRAND,,,,330,4,0.0,,,2.0,2.0,,,1.0,1.0,1.0,0.0,0.0,1.0,0.0,1.0,0.0
201100027958,11,10,13,1045,1,2,1,1.0,6.0,522,RUE EMILE LOUBET,,,,330,4,0.0,,,1.0,1.0,,,2.0,1.0,1.0,0.0,0.0,1.0,4.0,1.0,0.0
201100027959,11,10,5,1145,1,2,2,1.0,3.0,69,RUE COUDOL,,,,330,4,0.0,,,1.0,1.0,,,0.0,1.0,1.0,0.0,0.0,1.0,0.0,1.0,0.0
201100027960,11,10,10,1840,1,2,4,1.0,4.0,13,N 89,,,,330,4,0.0,,,1.0,6.0,,,0.0,1.0,0.0,0.0,144.0,1.0,0.0,1.0,0.0
201100027961,11,10,8,540,5,2,1,5.0,6.0,281,AVE BON AIR,,,,330,4,0.0,,,2.0,2.0,,,0.0,1.0,1.0,0.0,78.0,1.0,0.0,1.0,0.0
201100027962,11,10,10,850,1,2,5,1.0,3.0,281,RUE BEAUSITE,,,,330,4,0.0,,,2.0,1.0,,,0.0,1.0,1.0,0.0,70.0,1.0,0.0,1.0,0.0
201100027963,11,10,14,210,5,2,1,1.0,6.0,63,"39, RUE DE CARDOZE CAUD",,,,330,4,0.0,,,1.0,1.0,,,0.0,1.0,1.0,0.0,0.0,1.0,0.0,1.0,0.0
201100027964,11,10,13,2000,5,2,2,1.0,3.0,63,CRS SAINT LOUIS,,,,330,4,0.0,,,1.0,2.0,,,0.0,1.0,1.0,0.0,0.0,1.0,0.0,1.0,0.0
201100027965,11,10,12,1340,1,2,1,1.0,6.0,63,"28, BD GEORGE V",,,,330,4,0.0,,,1.0,2.0,,,0.0,1.0,1.0,0.0,0.0,1.0,0.0,1.0,0.0
201100027966,11,10,13,1315,1,2,6,1.0,3.0,63,RDPT MICHEL LOUIS GARROS,,,,330,4,0.0,,,2.0,2.0,,,2.0,1.0,3.0,0.0,0.0,1.0,0.0,1.0,0.0