Num_Acc,an,mois,jour,hrmn,lum,agg,int,atm,col,com,adr,gps,lat,long,dep,catr,voie,v1,v2,circ,nbv,pr,pr1,vosp,prof,plan,lartpc,larrout,surf,infra,situ,env1
201100027967,11,10,14,340,5,2,4,1.0,1.0,63,RUE EDMOND COSTEDOAT,,,,330,4,0.0,,,1.0,3.0,,,2.0,1.0,2.0,0.0,0.0,1.0,0.0,1.0,0.0
201100027968,11,10,14,140,5,2,1,1.0,6.0,63,"78, IMP DU PAS SAINT- GE",,,,330,4,0.0,,,1.0,1.0,,,0.0,3.0,1.0,0.0,25.0,1.0,0.0,1.0,0.0
201100027969,11,9,20,1845,1,2,5,1.0,6.0,63,CRS SAINT LOUIS,,,,330,4,0.0,,,1.0,2.0,,,0.0,1.0,1.0,0.0,75.0,1.0,0.0,1.0,0.0
201100027970,11,10,15,1800,1,2,5,1.0,3.0,63,BD MARECHAL LECLERC,,,,330,4,0.0,,,1.0,2.0,,,0.0,1.0,1.0,0.0,0.0,2.0,0.0,1.0,0.0
201100027971,11,10,14,1950,5,2,3,1.0,1.0,63,"42, PCE MARTYRS RESISTAN",,,,330,4,0.0,,,2.0,1.0,,,0.0,1.0,1.0,0.0,0.0,1.0,0.0,1.0,0.0
201100027972,11,10,14,1545,1,2,2,1.0,3.0,63,RUE DURANTEAU,,,,330,4,0.0,,,1.0,1.0,,,0.0,1.0,1.0,0.0,0.0,1.0,0.0,1.0,0.0
201100027973,11,10,14,2050,2,2,3,1.0,3.0,69,AVE PIERRE BROSSOLETTE,,,,330,4,0.0,,,2.0,2.0,,,0.0,1.0,1.0,0.0,0.0,1.0,0.0,1.0,0.0
201100027974,11,10,17,2130,5,2,5,8.0,7.0,63,"164, CRS VICTOR HUGO",,,,330,4,0.0,,,2.0,2.0,,,0.0,1.0,1.0,0.0,0.0,1.0,0.0,1.0,0.0
201100027975,11,10,11,825,1,2,3,1.0,3.0,39,"200, CRS VICTOR HUGO",,,,330,4,,,,0.0,1.0,,,1.0,1.0,1.0,0.0,0.0,1.0,0.0,1.0,0.0
201100027976,11,10,17,1540,1,2,2,1.0,3.0,63,RUE CHARLES MARTIN,,,,330,4,0.0,,,2.0,2.0,,,0.0,1.0,1.0,0.0,0.0,1.0,0.0,1.0,0.0
201100027977,11,10,17,1610,1,2,1,1.0,2.0,63,"94, RUE DE LA BECHADE",,,,330,4,0.0,,,2.0,3.0,,,0.0,1.0,1.0,0.0,0.0,1.0,0.0,1.0,0.0
201100027978,11,10,17,1450,1,2,1,1.0,3.0,63,"50, CRS DE VERDUN",,,,330,4,0.0,,,4.0,1.0,,,0.0,1.0,1.0,0.0,0.0,1.0,0.0,1.0,0.0
201100027979,11,10,6,1300,1,2,1,1.0,6.0,522,CRS DE LA LIBERATION,,,,330,4,0.0,,,3.0,4.0,,,0.0,1.0,1.0,0.0,0.0,1.0,0.0,1.0,0.0
201100027980,11,10,8,1340,1,2,2,1.0,3.0,281,AVE PRESIDENT J.F. KENNE,,,,330,4,0.0,,,2.0,2.0,,,0.0,1.0,1.0,0.0,0.0,1.0,0.0,1.0,0.0
201100027981,11,10,14,1930,4,1,1,1.0,2.0,13,N 89,,,,330,2,89.0,,,3.0,4.0,,,0.0,1.0,1.0,0.0,0.0,1.0,0.0,1.0,0.0
201100027982,11,10,7,2235,5,2,3,1.0,3.0,522,AVE ROUL,,,,330,4,0.0,,,2.0,2.0,,,0.0,1.0,1.0,0.0,0.0,1.0,4.0,1.0,0.0
201100027983,11,10,12,2215,5,2,9,1.0,7.0,162,"69, RUE DE LANGLET",,,,330,4,0.0,,,1.0,2.0,,,0.0,1.0,1.0,0.0,0.0,1.0,0.0,1.0,0.0
201100027984,11,10,10,900,1,2,6,1.0,3.0,162,"00, D. 1215",,,,330,4,0.0,,,2.0,2.0,,,0.0,1.0,0.0,0.0,91.0,1.0,0.0,1.0,0.0
201100027985,11,10,18,1530,2,2,1,1.0,4.0,63,"94, BD DU PDT FRANKLIN R",,,,330,4,0.0,,,3.0,4.0,,,0.0,1.0,1.0,0.0,0.0,1.0,0.0,1.0,0.0
201100027986,11,10,15,140,5,2,3,1.0,3.0,63,"13/15, BD ALBERT 1ER",,,,330,4,0.0,,,1.0,1.0,,,0.0,1.0,1.0,0.0,0.0,1.0,0.0,1.0,0.0
201100027987,11,10,13,810,1,2,6,1.0,2.0,281,AVE MARCEL DASSAULT,,,,330,4,0.0,,,2.0,2.0,,,0.0,1.0,3.0,0.0,0.0,1.0,0.0,1.0,0.0
201100027988,11,10,12,725,2,2,2,1.0,1.0,318,AVE ROGER COHE,,,,330,4,0.0,,,2.0,2.0,,,0.0,1.0,2.0,0.0,0.0,1.0,0.0,1.0,0.0
201100027989,11,10,16,210,5,2,1,1.0,7.0,281,"25, CHEMIN DE COURTILLAS",,,,330,4,0.0,,,2.0,1.0,,,0.0,1.0,1.0,0.0,0.0,1.0,0.0,1.0,0.0
201100027990,11,10,10,1800,1,2,1,1.0,3.0,522,CRS DE LA LIBERATION,,,,330,4,0.0,,,2.0,1.0,,,2.0,1.0,1.0,0.0,0.0,1.0,0.0,1.0,0.0
201100027991,11,10,18,820,1,2,3,1.0,3.0,249,RUE D'YVRAC,,,,330,4,0.0,,,2.0,2.0,,,0.0,1.0,1.0,0.0,0.0,2.0,0.0,1.0,0.0
201100027992,11,10,13,2037,1,2,3,1.0,3.0,192,RUE DE CHARTREZE,,,,330,4,0.0,,,3.0,2.0,,,0.0,1.0,1.0,0.0,0.0,1.0,0.0,1.0,0.0
201100027993,11,10,20,2040,5,2,3,1.0,2.0,63,"326, CRS DE LA SOMME",,,,330,4,0.0,,,0.0,2.0,,,0.0,0.0,0.0,0.0,0.0,0.0,0.0,1.0,0.0
201100027994,11,10,15,1220,1,2,6,1.0,6.0,162,D. 1215,,,,330,4,0.0,,,2.0,2.0,,,0.0,1.0,1.0,0.0,0.0,1.0,0.0,1.0,0.0
201100027995,11,10,13,1843,1,2,3,1.0,3.0,281,"71, AVE DE LA MARNE",,,,330,4,0.0,,,0.0,1.0,,,0.0,0.0,0.0,0.0,0.0,0.0,0.0,0.0,0.0
201100027996,11,10,21,650,5,2,2,1.0,3.0,63,RUE MOUNEYRA,,,,330,4,0.0,,,1.0,1.0,,,0.0,1.0,1.0,0.0,0.0,1.0,0.0,1.0,0.0
201100027997,11,10,21,830,1,2,3,1.0,1.0,63,"16, CRS DE LA SOMME",,,,330,4,0.0,,,2.0,1.0,,,0.0,1.0,1.0,0.0,0.0,1.0,0.0,1.0,0.0
201100027998,11,10,21,1020,1,2,3,1.0,3.0,63,RUE FONDAUDEGE,,,,330,4,0.0,,,1.0,1.0,,,0.0,1.0,1.0,0.0,0.0,1.0,0.0,1.0,0.0
201100027999,11,10,21,1300,1,2,3,1.0,6.0,63,RUE MARECHAL JOFFRE,,,,330,4,0.0,,,2.0,2.0,,,0.0,1.0,1.0,0.0,0.0,1.0,0.0,1.0,0.0
201100028000,11,10,24,750,2,2,6,1.0,1.0,63,CRS CHARLES BRICAUD,,,,330,4,0.0,,,2.0,4.0,,,0.0,1.0,1.0,0.0,0.0,1.0,0.0,1.0,0.0
201100028001,11,10,24,940,1,2,5,1.0,3.0,63,BD GEORGES POMPIDOU,,,,330,4,0.0,,,3.0,4.0,,,2.0,1.0,1.0,0.0,0.0,1.0,0.0,1.0,0.0
201100028002,11,10,12,1920,1,2,1,1.0,2.0,281,AVE FRANCOIS MITTERRAND,,,,330,4,0.0,,,3.0,2.0,,,0.0,1.0,1.0,0.0,0.0,1.0,0.0,1.0,3.0
201100028003,11,10,17,745,2,2,1,1.0,2.0,75,RUE HENRI DELATTRE,,,,330,4,0.0,,,3.0,4.0,,,0.0,2.0,1.0,0.0,0.0,1.0,0.0,1.0,0.0
201100028004,11,10,24,1440,1,2,1,2.0,6.0,63,RUE DE BETHMANN,,,,330,4,0.0,,,2.0,2.0,,,0.0,1.0,0.0,0.0,0.0,1.0,0.0,1.0,0.0
201100028005,11,10,24,1335,1,2,2,2.0,3.0,63,RUE BORIE,,,,330,4,0.0,,,1.0,1.0,,,0.0,1.0,1.0,0.0,0.0,2.0,0.0,1.0,0.0
201100028006,11,10,10,1740,1,2,1,1.0,7.0,281,AVE RENE CASSIN,,,,330,4,0.0,,,2.0,4.0,,,0.0,1.0,1.0,0.0,0.0,1.0,0.0,1.0,0.0
201100028007,11,10,13,1640,1,2,2,1.0,6.0,39,RUE LOUIS ELOI,,,,330,4,0.0,,,2.0,2.0,,,0.0,1.0,1.0,0.0,0.0,1.0,0.0,1.0,0.0
201100028008,11,10,24,1305,1,2,1,2.0,2.0,63,BD ALFRED DANEY,,,,330,4,0.0,,,2.0,4.0,,,0.0,1.0,1.0,0.0,0.0,1.0,0.0,1.0,0.0
201100028009,11,10,17,1545,1,2,1,1.0,3.0,39,"43, RUE CALIXTE CAMELLE",,,,330,4,0.0,,,2.0,2.0,,,0.0,1.0,1.0,0.0,0.0,1.0,0.0,1.0,0.0
201100028010,11,10,14,1130,1,2,9,1.0,2.0,39,RUE DES FRERES LUMIERE,,,,330,4,0.0,,,2.0,2.0,,,0.0,1.0,1.0,0.0,0.0,1.0,0.0,1.0,0.0
201100028011,11,10,20,1400,1,2,1,1.0,4.0,281,AVE BON AIR,,,,330,4,0.0,,,2.0,2.0,,,2.0,1.0,1.0,0.0,0.0,1.0,0.0,1.0,0.0
201100028012,11,10,18,900,1,2,1,1.0,6.0,39,"435, RTE DE TOULOUSE",,,,330,4,0.0,,,2.0,2.0,,,0.0,1.0,1.0,0.0,0.0,1.0,0.0,1.0,0.0
201100028013,11,10,20,805,1,2,3,1.0,3.0,318,AVE DE MADRAN,,,,330,4,0.0,,,2.0,2.0,,,1.0,1.0,1.0,0.0,0.0,1.0,1.0,1.0,0.0
201100028014,11,10,25,1550,1,2,1,1.0,3.0,63,"114, CRS VICTOR HUGO",,,,330,4,0.0,,,2.0,4.0,,,2.0,2.0,1.0,0.0,0.0,1.0,0.0,1.0,0.0
201100028015,11,10,25,1147,1,2,2,3.0,3.0,63,RUE MOUNEYRA,,,,330,4,0.0,,,1.0,1.0,,,0.0,1.0,1.0,0.0,0.0,2.0,0.0,1.0,0.0
201100028016,11,10,26,1740,1,2,1,1.0,6.0,63,"18, CRS D'ALSACE ET LORR",,,,330,4,0.0,,,1.0,3.0,,,0.0,1.0,2.0,0.0,0.0,1.0,0.0,1.0,0.0
201100028017,11,10,20,920,1,2,6,1.0,3.0,281,AVE JEAN MACE,,,,330,4,0.0,,,2.0,2.0,,,0.0,1.0,2.0,0.0,0.0,1.0,0.0,1.0,0.0
201100028018,11,10,21,1900,2,2,1,1.0,4.0,318,"35, AVE DU DOCTEUR NANCE",,,,330,4,0.0,,,2.0,2.0,,,1.0,1.0,1.0,0.0,0.0,1.0,0.0,1.0,0.0
201100028019,11,10,26,1115,1,2,1,1.0,6.0,63,AVE DES QUARANTE JOURNAU,,,,330,4,0.0,,,2.0,2.0,,,0.0,1.0,1.0,0.0,0.0,1.0,0.0,1.0,0.0
201100028020,11,10,25,1850,2,2,1,1.0,6.0,119,AVE CARNOT,,,,330,4,0.0,,,2.0,4.0,,,2.0,1.0,1.0,0.0,0.0,1.0,0.0,1.0,0.0
201100028021,11,10,19,800,5,2,1,1.0,7.0,318,RUE ROBERT ESCARPIT,,,,330,4,0.0,,,2.0,2.0,,,0.0,1.0,0.0,20.0,60.0,1.0,0.0,1.0,0.0
201100028022,11,10,21,745,2,2,1,1.0,6.0,522,"13, AVE DE THOUARS",,,,330,4,0.0,,,2.0,1.0,,,2.0,1.0,1.0,0.0,0.0,1.0,0.0,1.0,0.0
201100028023,11,10,25,2025,5,2,1,1.0,6.0,281,"42, AVE DE LA SOMME",,,,330,4,0.0,,,1.0,1.0,,,0.0,1.0,1.0,0.0,0.0,2.0,0.0,1.0,0.0
201100028024,11,10,18,1620,1,2,1,1.0,3.0,192,CRS DU GENERAL DE GAULLE,,,,330,4,0.0,,,2.0,2.0,,,2.0,1.0,2.0,0.0,0.0,1.0,0.0,1.0,0.0
201100028025,11,10,27,1400,1,2,5,2.0,6.0,63,RUE DES FRERES BONIE,,,,330,4,0.0,,,2.0,3.0,,,3.0,1.0,1.0,0.0,0.0,2.0,4.0,1.0,0.0
201100028026,11,10,27,1930,5,2,3,2.0,2.0,318,AVE DE BEUTRE,,,,330,4,0.0,,,2.0,2.0,,,2.0,1.0,1.0,0.0,0.0,1.0,0.0,1.0,0.0
201100028027,11,10,26,1600,1,2,1,1.0,2.0,63,BD ALFRED DANEY,,,,330,4,0.0,,,2.0,2.0,,,0.0,1.0,1.0,0.0,0.0,1.0,0.0,1.0,0.0
201100028028,11,10,28,1545,1,2,3,1.0,3.0,63,IMP TOUSSAINT-LOUVERTURE,,,,330,4,0.0,,,2.0,2.0,,,0.0,1.0,1.0,0.0,0.0,1.0,0.0,1.0,0.0
201100028029,11,10,29,2015,5,2,3,1.0,6.0,63,RUE HONORE TESSIER,,,,330,4,0.0,,,2.0,4.0,,,0.0,1.0,1.0,0.0,0.0,1.0,0.0,1.0,0.0
201100028030,11,10,26,1520,1,2,2,1.0,3.0,119,AVE JEAN ZAY,,,,330,4,0.0,,,2.0,2.0,,,0.0,1.0,1.0,0.0,0.0,1.0,0.0,1.0,0.0
201100028031,11,10,30,600,5,2,3,1.0,6.0,63,RUE DE PESSAC,,,,330,4,0.0,,,2.0,0.0,,,0.0,1.0,1.0,0.0,0.0,1.0,0.0,1.0,0.0
201100028032,11,10,29,200,5,2,2,1.0,3.0,63,RUE MARECHAL JOFFRE,,,,330,4,0.0,,,2.0,2.0,,,0.0,1.0,1.0,0.0,0.0,1.0,0.0,1.0,0.0
201100028033,11,10,20,820,1,2,3,1.0,6.0,39,RUE DES TIOCS,,,,330,4,0.0,,,2.0,2.0,,,0.0,1.0,1.0,0.0,68.0,1.0,0.0,1.0,0.0
201100028034,11,10,28,2300,5,2,5,1.0,1.0,63,RUE CAMILLE GODARD,,,,330,4,0.0,,,2.0,2.0,,,0.0,1.0,1.0,0.0,0.0,1.0,0.0,1.0,0.0
201100028035,11,10,26,730,5,2,3,1.0,6.0,318,AVE DE BEUTRE,,,,330,4,0.0,,,2.0,2.0,,,2.0,1.0,1.0,0.0,0.0,2.0,0.0,1.0,0.0
201100028036,11,10,31,1920,5,2,2,1.0,3.0,63,BD GEORGES POMPIDOU,,,,330,4,0.0,,,0.0,0.0,,,0.0,0.0,0.0,0.0,0.0,1.0,0.0,1.0,0.0
201100028037,11,10,31,1700,1,2,3,1.0,2.0,63,BD GODARD,,,,330,4,0.0,,,2.0,0.0,,,0.0,1.0,1.0,0.0,0.0,1.0,0.0,1.0,0.0
201100028038,11,10,31,1650,2,2,5,1.0,3.0,63,RUE LUCIEN FAURE,,,,330,4,0.0,,,1.0,1.0,,,0.0,1.0,1.0,0.0,0.0,1.0,0.0,1.0,0.0
201100028039,11,10,24,1710,1,2,1,2.0,1.0,550,AVE BARRET,,,,330,4,0.0,,,2.0,2.0,,,2.0,2.0,3.0,0.0,0.0,1.0,0.0,1.0,0.0
201100028040,11,11,2,2010,5,2,1,2.0,2.0,63,"209, RUE DE SAINT GENES",,,,330,4,0.0,,,2.0,1.0,,,0.0,1.0,1.0,0.0,0.0,2.0,0.0,1.0,0.0
201100028041,11,11,2,1240,1,2,2,1.0,3.0,63,BD DU PDT FRANKLIN ROOSE,,,,330,4,0.0,,,1.0,2.0,,,0.0,1.0,1.0,0.0,0.0,1.0,0.0,1.0,0.0
201100028042,11,11,2,900,1,2,5,1.0,2.0,63,"160, BD DU PDT FRANKLIN",,,,330,4,0.0,,,0.0,1.0,,,0.0,1.0,1.0,0.0,0.0,1.0,0.0,1.0,0.0
201100028043,11,11,5,550,3,2,1,2.0,6.0,63,QUAI DE LA DOUANE,,,,330,4,0.0,,,1.0,1.0,,,0.0,1.0,1.0,0.0,0.0,2.0,4.0,1.0,0.0
201100028044,11,11,6,1345,1,2,1,2.0,1.0,119,CHEM DE LISSANDRE,,,,330,4,0.0,,,2.0,2.0,,,2.0,1.0,1.0,0.0,80.0,2.0,0.0,1.0,0.0
201100028045,11,11,6,1055,1,2,5,2.0,3.0,63,CRS LOUIS FARGUE,,,,330,4,0.0,,,1.0,2.0,,,2.0,1.0,1.0,0.0,0.0,2.0,0.0,1.0,0.0
201100028046,11,11,2,1100,1,2,4,1.0,3.0,63,AVE DES QUARANTE JOURNAU,,,,330,4,0.0,,,2.0,2.0,,,0.0,1.0,1.0,0.0,80.0,1.0,0.0,1.0,0.0
201100028047,11,10,30,1715,1,2,3,1.0,3.0,281,RUE CONCORDE,,,,330,4,0.0,,,2.0,2.0,,,0.0,1.0,1.0,0.0,0.0,1.0,0.0,1.0,0.0
201100028048,11,10,28,1000,1,2,9,1.0,2.0,318,"01, AVE JEAN CORDIER",,,,330,4,0.0,,,2.0,2.0,,,0.0,1.0,1.0,0.0,0.0,1.0,0.0,1.0,0.0
201100028049,11,10,31,2030,5,2,9,1.0,3.0,75,AVE DE LA JALLE NOIRE,,,,330,4,0.0,,,2.0,2.0,,,0.0,1.0,1.0,0.0,0.0,1.0,3.0,1.0,0.0
201100028050,11,11,1,1750,5,2,3,1.0,3.0,63,AVE DE LAROQUE,,,,330,4,0.0,,,2.0,2.0,,,0.0,1.0,2.0,0.0,0.0,1.0,0.0,1.0,0.0
201100028051,11,11,2,1315,1,2,2,1.0,4.0,281,AVE DE VERDUN,,,,330,4,0.0,,,0.0,1.0,,,0.0,0.0,0.0,0.0,0.0,0.0,0.0,0.0,0.0
201100028052,11,10,30,1500,1,1,6,1.0,3.0,281,AVE MARCEL DASSAULT,,,,330,4,0.0,,,2.0,2.0,,,0.0,1.0,1.0,0.0,0.0,1.0,0.0,1.0,0.0
201100028053,11,11,9,1245,1,2,2,1.0,3.0,63,RUE DE BREZETS,,,,330,4,0.0,,,1.0,1.0,,,0.0,1.0,1.0,0.0,0.0,1.0,0.0,1.0,0.0
201100028054,11,11,2,2008,5,2,2,1.0,3.0,550,RTE DE LEOGNAN,,,,330,4,0.0,,,2.0,2.0,,,0.0,1.0,1.0,0.0,0.0,1.0,0.0,1.0,0.0
201100028055,11,11,9,1332,1,2,2,1.0,3.0,63,CRS DE LA SOMME,,,,330,4,0.0,,,2.0,2.0,,,0.0,1.0,1.0,0.0,0.0,1.0,0.0,1.0,0.0
201100028056,11,11,10,810,1,2,2,2.0,3.0,63,BD DU PRESIDENT WILSON,,,,330,4,0.0,,,2.0,5.0,,,2.0,1.0,1.0,0.0,0.0,2.0,0.0,1.0,0.0
201100028057,11,11,10,2010,5,2,1,1.0,3.0,63,"23, RUE DE BREZETS",,,,330,4,0.0,,,1.0,1.0,,,0.0,1.0,1.0,0.0,0.0,0.0,0.0,1.0,0.0
201100028058,11,11,13,535,5,2,4,1.0,6.0,63,RUE CHARLES DOMERCQ,,,,330,4,0.0,,,1.0,1.0,,,0.0,0.0,1.0,0.0,0.0,1.0,1.0,1.0,0.0
201100028059,11,11,4,1215,1,2,1,1.0,3.0,281,AVE DE MAGUDAS,,,,330,4,0.0,,,2.0,4.0,,,0.0,1.0,3.0,0.0,0.0,1.0,0.0,1.0,0.0
201100028060,11,11,10,1850,5,2,1,1.0,2.0,63,QUAI DE LA SOUYS,,,,330,4,0.0,,,2.0,3.0,,,0.0,1.0,1.0,0.0,0.0,1.0,0.0,1.0,0.0
201100028061,11,11,7,1800,5,2,3,1.0,3.0,281,RUE ROBERT LAURENT,,,,330,4,0.0,,,1.0,1.0,,,0.0,1.0,1.0,0.0,0.0,1.0,0.0,1.0,0.0
201100028062,11,11,7,1800,5,2,5,1.0,5.0,550,RTE DE LEOGNAN,,,,330,4,0.0,,,2.0,2.0,,,2.0,1.0,1.0,0.0,0.0,1.0,0.0,1.0,0.0
201100028063,11,11,5,1820,5,2,2,1.0,3.0,281,AVE ARISTIDE BRIAND,,,,330,4,0.0,,,2.0,2.0,,,0.0,1.0,1.0,0.0,0.0,1.0,0.0,1.0,0.0
201100028064,11,11,11,1655,1,2,2,1.0,3.0,13,BD FEYDEAU,,,,330,4,0.0,,,2.0,2.0,,,2.0,1.0,1.0,0.0,0.0,1.0,0.0,1.0,0.0
201100028065,11,11,7,1750,5,2,3,1.0,3.0,318,RUE GUILLAUME APOLLINAIR,,,,330,4,0.0,,,2.0,2.0,,,2.0,1.0,1.0,0.0,0.0,1.0,0.0,1.0,0.0
201100028066,11,11,11,1730,1,2,3,1.0,3.0,63,AVE D'EYSINES CAUD,,,,330,4,0.0,,,2.0,2.0,,,0.0,1.0,1.0,0.0,0.0,1.0,0.0,1.0,0.0
201100028067,11,11,10,1130,1,2,1,1.0,2.0,63,"5, RUE DE CURSOL",,,,330,4,0.0,,,2.0,2.0,,,0.0,1.0,1.0,0.0,0.0,1.0,0.0,1.0,0.0
201100028068,11,11,9,1715,1,2,1,1.0,6.0,249,RUE EDOUARD HERRIOT,,,,330,4,0.0,,,2.0,2.0,,,0.0,1.0,1.0,0.0,0.0,1.0,0.0,1.0,0.0
201100028069,11,11,7,1210,1,2,2,1.0,5.0,318,RUE JEAN PERRIN,,,,330,4,0.0,,,2.0,2.0,,,0.0,1.0,1.0,0.0,0.0,1.0,0.0,1.0,0.0
201100028070,11,11,13,950,1,2,2,1.0,6.0,63,AVE DU MAL DE LATTRE DE,,,,330,4,0.0,,,2.0,2.0,,,0.0,1.0,1.0,0.0,0.0,1.0,0.0,1.0,0.0
201100028071,11,11,12,1840,5,2,3,1.0,2.0,63,"179, CRS DU MEDOC",,,,330,4,0.0,,,2.0,2.0,,,2.0,1.0,0.0,0.0,0.0,1.0,0.0,1.0,0.0
201100028072,11,11,6,200,5,2,1,2.0,7.0,522,AVE DE LA GARE,,,,330,4,0.0,,,2.0,2.0,,,0.0,1.0,2.0,0.0,0.0,2.0,0.0,1.0,0.0
201100028073,11,11,14,1155,1,2,1,1.0,6.0,63,RUE CHARLES DOMERCQ,,,,330,4,0.0,,,2.0,2.0,,,0.0,1.0,3.0,0.0,0.0,1.0,4.0,1.0,0.0
201100028074,11,11,8,745,1,2,2,1.0,3.0,69,AVE DE TIVOLI,,,,330,4,0.0,,,2.0,2.0,,,0.0,1.0,1.0,0.0,0.0,1.0,0.0,1.0,0.0
201100028075,11,11,15,720,2,2,3,2.0,5.0,63,RTE DE TOULOUSE,,,,330,4,0.0,,,2.0,2.0,,,0.0,1.0,1.0,0.0,0.0,1.0,0.0,1.0,0.0
201100028076,11,11,15,1445,1,2,2,8.0,3.0,63,ALL JEAN GIONO,,,,330,4,0.0,,,2.0,2.0,,,2.0,1.0,1.0,0.0,0.0,1.0,0.0,1.0,0.0
201100028077,11,11,15,1645,1,2,3,1.0,3.0,63,CRS D'ALBRET,,,,330,4,0.0,,,2.0,2.0,,,0.0,1.0,1.0,0.0,0.0,1.0,0.0,1.0,0.0
201100028078,11,11,15,830,1,2,3,1.0,3.0,63,RUE DE L'ARSENAL,,,,330,4,0.0,,,2.0,1.0,,,0.0,1.0,1.0,0.0,0.0,1.0,0.0,1.0,0.0
201100028079,11,11,14,1640,1,2,2,1.0,3.0,318,AVE MONTESQUIEU,,,,330,4,0.0,,,1.0,2.0,,,2.0,1.0,1.0,0.0,0.0,1.0,4.0,1.0,0.0
201100028080,11,11,16,2140,5,2,3,1.0,3.0,63,BD DU PRESIDENT WILSON,,,,330,4,0.0,,,1.0,2.0,,,0.0,1.0,0.0,0.0,0.0,2.0,0.0,1.0,0.0
201100028081,11,11,12,953,1,2,2,1.0,3.0,318,RUE CHARLES PEGUY,,,,330,4,0.0,,,1.0,2.0,,,0.0,1.0,1.0,0.0,0.0,1.0,0.0,1.0,0.0
201100028082,11,11,16,825,1,2,2,1.0,3.0,63,RUE JEAN HAMEAU,,,,330,4,0.0,,,2.0,2.0,,,0.0,1.0,1.0,0.0,0.0,1.0,0.0,1.0,0.0
201100028083,11,11,11,950,1,2,2,1.0,3.0,119,RUE CAMILLE PELLETAN,,,,330,4,0.0,,,1.0,1.0,,,0.0,1.0,1.0,0.0,0.0,1.0,4.0,1.0,0.0
201100028084,11,10,28,1451,1,2,1,1.0,2.0,162,"280, AVE DU MEDOC",,,,330,4,0.0,,,2.0,2.0,,,0.0,1.0,1.0,0.0,0.0,1.0,0.0,1.0,0.0
201100028085,11,11,11,1100,1,2,2,1.0,3.0,162,AVE DU MEDOC,,,,330,4,0.0,,,3.0,2.0,,,0.0,1.0,1.0,0.0,0.0,1.0,0.0,1.0,0.0
201100028086,11,11,9,1430,1,2,3,1.0,3.0,192,RUE DE LA CROIX DE MONJO,,,,330,4,0.0,,,2.0,2.0,,,2.0,1.0,1.0,0.0,0.0,1.0,0.0,1.0,0.0
201100028087,11,11,9,1020,1,2,3,1.0,3.0,281,SORTIE ROCADE N?11,,,,330,4,0.0,,,1.0,1.0,,,0.0,1.0,2.0,0.0,0.0,1.0,0.0,1.0,0.0
201100028088,11,11,17,1255,1,2,1,1.0,6.0,63,AVE DE LAROQUE,,,,330,4,0.0,,,2.0,4.0,,,0.0,1.0,1.0,0.0,0.0,1.0,4.0,1.0,0.0
201100028089,11,11,17,1734,2,2,3,1.0,3.0,63,"55, RUE FRANTZ DESPAGNET",,,,330,4,0.0,,,2.0,2.0,,,0.0,1.0,1.0,0.0,0.0,1.0,4.0,1.0,0.0
201100028090,11,11,17,1930,5,2,1,1.0,3.0,550,AVE DES PYRENEES,,,,330,4,0.0,,,2.0,2.0,,,0.0,1.0,1.0,0.0,0.0,1.0,0.0,1.0,0.0
201100028091,11,11,10,1650,1,2,1,1.0,3.0,192,"9, RUE DES FONTAINES DE",,,,330,4,0.0,,,2.0,2.0,,,2.0,1.0,1.0,0.0,0.0,1.0,0.0,1.0,0.0
201100028092,11,11,15,316,4,2,1,2.0,7.0,75,"2, RUE DU PONT NEUF",,,,330,4,0.0,,,2.0,2.0,,,0.0,1.0,1.0,0.0,0.0,2.0,0.0,1.0,0.0
201100028093,11,11,19,48,5,2,2,1.0,6.0,63,BD ANTOINE GAUTIER,,,,330,4,0.0,,,3.0,8.0,,,2.0,1.0,1.0,0.0,0.0,1.0,0.0,1.0,0.0