Num_Acc,an,mois,jour,hrmn,lum,agg,int,atm,col,com,adr,gps,lat,long,dep,catr,voie,v1,v2,circ,nbv,pr,pr1,vosp,prof,plan,lartpc,larrout,surf,infra,situ,env1
201100028094,11,11,19,410,5,2,3,1.0,6.0,63,"67, CRS DU MARECHAL GALL",,,,330,4,0.0,,,0.0,0.0,,,0.0,0.0,0.0,0.0,0.0,1.0,0.0,1.0,0.0
201100028095,11,11,17,750,2,2,2,5.0,3.0,281,RUE RIAUD,,,,330,4,0.0,,,2.0,2.0,,,0.0,0.0,1.0,0.0,0.0,1.0,0.0,1.0,0.0
201100028096,11,11,16,2035,5,2,1,1.0,2.0,167,"241, AVE PASTEUR",,,,330,4,0.0,,,2.0,0.0,,,0.0,1.0,1.0,0.0,0.0,2.0,0.0,1.0,0.0
201100028097,11,11,18,1355,1,2,1,1.0,6.0,63,"47, CRS DE LA MARNE",,,,330,4,0.0,,,2.0,3.0,,,0.0,1.0,1.0,0.0,0.0,1.0,0.0,1.0,0.0
201100028098,11,11,21,830,1,2,2,1.0,3.0,63,RUE PELLEPORT,,,,330,4,0.0,,,2.0,2.0,,,0.0,1.0,1.0,0.0,0.0,1.0,0.0,1.0,0.0
201100028099,11,11,21,1000,1,2,5,1.0,6.0,63,BD GEORGES POMPIDOU,,,,330,4,0.0,,,2.0,4.0,,,0.0,1.0,1.0,0.0,0.0,1.0,0.0,1.0,0.0
201100028100,11,11,21,1130,1,2,6,1.0,3.0,63,CRS DU MARECHAL GALLIENI,,,,330,4,0.0,,,2.0,2.0,,,2.0,1.0,3.0,0.0,0.0,1.0,0.0,1.0,0.0
201100028101,11,11,21,1745,5,2,3,1.0,6.0,63,RTE DE TOULOUSE,,,,330,4,0.0,,,2.0,5.0,,,0.0,1.0,1.0,0.0,0.0,1.0,0.0,1.0,0.0
201100028102,11,11,21,1420,1,2,1,1.0,2.0,63,"82, CRS D'ALBRET",,,,330,4,0.0,,,2.0,0.0,,,0.0,1.0,1.0,0.0,0.0,1.0,0.0,1.0,0.0
201100028103,11,11,21,1545,1,2,2,1.0,3.0,63,RUE DU HAMEL,,,,330,4,0.0,,,1.0,1.0,,,0.0,1.0,1.0,0.0,0.0,1.0,0.0,1.0,0.0
201100028104,11,11,22,1638,1,2,9,1.0,3.0,63,CRS D'ALSACE ET LORRAINE,,,,330,4,0.0,,,2.0,0.0,,,0.0,1.0,1.0,0.0,0.0,1.0,0.0,1.0,0.0
201100028105,11,11,21,1800,5,2,5,1.0,3.0,162,AVE DU MEDOC,,,,330,4,0.0,,,2.0,2.0,,,0.0,2.0,1.0,0.0,0.0,1.0,0.0,1.0,0.0
201100028106,11,11,18,1605,2,2,2,1.0,3.0,69,"251, AVE DE LA LIBERATIO",,,,330,4,0.0,,,2.0,2.0,,,0.0,1.0,1.0,0.0,0.0,1.0,0.0,1.0,0.0
201100028107,11,11,21,1321,1,2,2,1.0,5.0,318,AVE ROGER CHAUMET,,,,330,4,0.0,,,2.0,2.0,,,2.0,1.0,1.0,0.0,0.0,1.0,0.0,1.0,0.0
201100028108,11,11,17,1515,1,2,1,1.0,3.0,281,AVE DU MARECHAL LECLERC,,,,330,4,0.0,,,1.0,2.0,,,2.0,1.0,1.0,0.0,0.0,1.0,4.0,1.0,0.0
201100028109,11,11,24,1715,2,2,1,1.0,5.0,75,AVE J. CHABAN DELMAS,,,,330,4,0.0,,,3.0,4.0,,,2.0,1.0,2.0,0.0,77.0,1.0,0.0,1.0,0.0
201100028110,11,11,23,1925,5,2,1,1.0,4.0,63,PONT DE PIERRE,,,,330,4,0.0,,,3.0,1.0,,,2.0,1.0,1.0,0.0,0.0,1.0,4.0,1.0,0.0
201100028111,11,11,26,350,4,2,2,1.0,2.0,63,RUE DE TALENCE,,,,330,4,0.0,,,2.0,4.0,,,2.0,1.0,1.0,0.0,0.0,1.0,0.0,1.0,0.0
201100028112,11,11,25,859,1,2,3,1.0,3.0,63,BD GEORGE V,,,,330,4,0.0,,,3.0,4.0,,,2.0,1.0,1.0,0.0,0.0,1.0,5.0,5.0,0.0
201100028113,11,11,22,1635,1,2,3,1.0,3.0,39,AVE DU MARECHAL LECLERC,,,,330,4,0.0,,,2.0,2.0,,,2.0,1.0,1.0,0.0,62.0,1.0,5.0,1.0,0.0
201100028114,11,11,18,755,1,2,6,1.0,3.0,39,RTE DE COURREJEAN,,,,330,4,0.0,,,3.0,4.0,,,0.0,1.0,0.0,0.0,100.0,1.0,0.0,1.0,0.0
201100028115,11,11,21,1530,1,2,2,1.0,3.0,39,RUE ALEXIS LABRO,,,,330,4,0.0,,,2.0,2.0,,,2.0,1.0,1.0,0.0,0.0,1.0,0.0,1.0,0.0
201100028116,11,11,21,1301,1,2,3,1.0,2.0,39,"76, RUE FERDINAND BUISSO",,,,330,4,0.0,,,2.0,2.0,,,0.0,1.0,1.0,0.0,84.0,1.0,5.0,1.0,0.0
201100028117,11,11,26,2310,5,2,7,1.0,6.0,63,RUE CHARLES DOMERCQ,,,,330,4,0.0,,,1.0,1.0,,,0.0,1.0,1.0,0.0,0.0,1.0,0.0,1.0,0.0
201100028118,11,11,28,905,1,2,3,1.0,6.0,162,AVE DU MEDOC,,,,330,4,0.0,,,2.0,2.0,,,2.0,1.0,1.0,0.0,0.0,1.0,0.0,1.0,0.0
201100028119,11,11,24,1740,5,2,6,1.0,6.0,318,"5, AVE GUSTAVE EIFFEL",,,,330,4,0.0,,,2.0,2.0,,,0.0,1.0,1.0,0.0,50.0,1.0,0.0,1.0,0.0
201100028120,11,11,28,1938,5,2,2,1.0,3.0,63,RUE CHARLES MARTIN,,,,330,4,0.0,,,1.0,1.0,,,0.0,1.0,1.0,0.0,0.0,2.0,1.0,1.0,0.0
201100028121,11,11,24,1745,5,2,3,1.0,3.0,281,AVE MONTESQUIEU,,,,330,4,0.0,,,2.0,2.0,,,2.0,1.0,1.0,0.0,0.0,1.0,0.0,1.0,0.0
201100028122,11,11,28,2040,5,2,3,8.0,6.0,63,CRS DE VERDUN,,,,330,4,0.0,,,2.0,5.0,,,2.0,1.0,1.0,0.0,0.0,1.0,4.0,1.0,0.0
201100028123,11,11,28,1000,1,2,2,1.0,3.0,63,RUE DOCTEUR ALBERT BARRA,,,,330,4,0.0,,,1.0,1.0,,,0.0,1.0,1.0,0.0,0.0,2.0,0.0,1.0,0.0
201100028124,11,11,29,650,5,2,5,1.0,3.0,63,"214, RUE DUQUESNE",,,,330,4,0.0,,,2.0,2.0,,,0.0,1.0,1.0,0.0,0.0,1.0,0.0,1.0,0.0
201100028125,11,11,26,645,5,2,1,5.0,6.0,281,AVE DE L'ARGONNE,,,,330,4,0.0,,,2.0,2.0,,,0.0,1.0,1.0,0.0,90.0,1.0,0.0,1.0,0.0
201100028126,11,11,29,1740,5,2,3,1.0,6.0,63,CRS DE LA MARNE,,,,330,4,0.0,,,2.0,2.0,,,0.0,1.0,1.0,0.0,0.0,1.0,0.0,1.0,0.0
201100028127,11,11,29,1530,1,2,2,1.0,3.0,63,CRS DE VERDUN,,,,330,4,0.0,,,2.0,2.0,,,2.0,1.0,1.0,0.0,0.0,1.0,4.0,1.0,0.0
201100028128,11,11,29,2115,5,2,2,2.0,1.0,63,RUE DES TREUILS,,,,330,4,0.0,,,2.0,3.0,,,0.0,3.0,1.0,0.0,90.0,2.0,0.0,1.0,0.0
201100028129,11,11,3,1830,5,2,5,1.0,6.0,281,AVE DE LA LIBERATION,,,,330,4,0.0,,,2.0,2.0,,,0.0,1.0,1.0,0.0,0.0,2.0,0.0,1.0,0.0
201100028130,11,11,30,1200,1,2,1,1.0,6.0,63,"52, AVE D'ARES CAUD",,,,330,4,0.0,,,1.0,3.0,,,0.0,1.0,1.0,0.0,90.0,1.0,0.0,1.0,0.0
201100028131,11,11,25,1125,1,2,5,1.0,6.0,119,RUE CAMILLE PELLETAN,,,,330,4,0.0,,,0.0,0.0,,,0.0,0.0,0.0,0.0,0.0,1.0,0.0,1.0,0.0
201100028132,11,11,28,1705,2,2,3,1.0,3.0,65,RTE DU BORD DE L'EAU,,,,330,4,0.0,,,3.0,0.0,,,0.0,1.0,0.0,0.0,0.0,1.0,0.0,1.0,0.0
201100028133,11,11,28,1745,5,2,3,1.0,3.0,281,"06, RUE PIERRE BROSSOLET",,,,330,4,0.0,,,2.0,2.0,,,0.0,1.0,1.0,0.0,0.0,1.0,0.0,1.0,0.0
201100028134,11,11,30,1820,5,2,3,1.0,3.0,63,BD ANTOINE GAUTIER,,,,330,4,0.0,,,2.0,2.0,,,0.0,1.0,1.0,0.0,0.0,1.0,0.0,1.0,0.0
201100028135,11,11,28,1320,1,2,1,1.0,3.0,69,RUE DU PRESIDENT KENNEDY,,,,330,4,0.0,,,2.0,2.0,,,0.0,1.0,3.0,0.0,100.0,1.0,0.0,1.0,3.0
201100028136,11,11,26,2105,4,2,1,1.0,6.0,75,AVE DES 4 PONTS,,,,330,4,0.0,,,3.0,2.0,,,1.0,1.0,1.0,0.0,0.0,1.0,5.0,3.0,0.0
201100028137,11,11,30,1715,2,2,2,1.0,3.0,63,CRS DE LA LIBERATION,,,,330,4,0.0,,,2.0,3.0,,,0.0,2.0,1.0,0.0,0.0,1.0,0.0,1.0,0.0
201100028138,11,11,30,1805,5,2,1,1.0,3.0,63,"100, RUE DE LA CROIX BLA",,,,330,4,0.0,,,2.0,2.0,,,0.0,1.0,2.0,0.0,0.0,1.0,0.0,1.0,0.0
201100028139,11,12,2,330,5,2,1,1.0,6.0,63,"20, ALL DE TOURNY",,,,330,4,0.0,,,3.0,2.0,,,1.0,1.0,1.0,27.0,100.0,1.0,0.0,1.0,0.0
201100028140,11,12,2,150,5,2,1,1.0,3.0,63,"41, CRS DE LA SOMME",,,,330,4,0.0,,,2.0,3.0,,,0.0,1.0,1.0,0.0,120.0,1.0,0.0,1.0,0.0
201100028141,11,12,3,2310,4,2,3,2.0,7.0,63,"2, RUE DE CURSOL",,,,330,4,0.0,,,0.0,1.0,,,0.0,1.0,1.0,0.0,0.0,1.0,4.0,1.0,0.0
201100028142,11,12,3,410,5,2,5,1.0,3.0,63,BD MARECHAL LECLERC,,,,330,4,0.0,,,1.0,2.0,,,0.0,1.0,1.0,0.0,0.0,1.0,0.0,1.0,0.0
201100028143,11,11,27,320,5,2,6,1.0,6.0,522,CRS DE LA LIBERATION,,,,330,4,0.0,,,2.0,0.0,,,0.0,1.0,1.0,0.0,76.0,1.0,0.0,1.0,0.0
201100028144,11,11,23,1415,1,2,1,1.0,3.0,550,"331, RTE DE TOULOUSE",,,,330,4,0.0,,,2.0,2.0,,,0.0,1.0,1.0,0.0,0.0,2.0,0.0,1.0,0.0
201100028145,11,11,23,2120,5,2,1,1.0,3.0,522,RUE BOURGES,,,,330,4,0.0,,,2.0,3.0,,,0.0,1.0,1.0,0.0,0.0,1.0,0.0,1.0,0.0
201100028146,11,11,25,1,5,2,6,5.0,1.0,192,RTE DE CANEJAN,,,,330,4,0.0,,,1.0,2.0,,,0.0,2.0,3.0,0.0,114.0,1.0,5.0,1.0,0.0
201100028147,11,12,2,755,2,2,3,3.0,6.0,63,AVE LOUIS BARTHOU CAUD,,,,330,4,0.0,,,2.0,2.0,,,0.0,1.0,1.0,0.0,0.0,2.0,0.0,1.0,0.0
201100028148,11,12,3,1020,1,2,2,2.0,3.0,63,RUE MOUNEYRA,,,,330,4,0.0,,,2.0,2.0,,,0.0,1.0,1.0,0.0,0.0,1.0,0.0,1.0,0.0
201100028149,11,12,2,1825,5,2,3,1.0,6.0,63,CRS DE LA SOMME,,,,330,4,0.0,,,1.0,0.0,,,0.0,0.0,0.0,0.0,0.0,1.0,0.0,1.0,0.0
201100028150,11,12,2,745,2,2,1,2.0,3.0,63,"6, QUAI DE LA SOUYS",,,,330,4,0.0,,,3.0,5.0,,,1.0,1.0,1.0,0.0,0.0,2.0,0.0,1.0,0.0
201100028151,11,12,4,745,2,2,2,1.0,3.0,63,CRS DE LA MARNE,,,,330,4,0.0,,,1.0,2.0,,,0.0,1.0,1.0,0.0,0.0,2.0,0.0,1.0,0.0
201100028152,11,12,2,2315,5,2,1,8.0,3.0,63,QUAI RICHELIEU,,,,330,4,0.0,,,3.0,8.0,,,2.0,1.0,1.0,0.0,0.0,1.0,4.0,1.0,3.0
201100028153,11,12,2,1225,1,2,5,1.0,4.0,63,CRS D'ALBRET,,,,330,4,0.0,,,3.0,4.0,,,0.0,1.0,1.0,0.0,0.0,1.0,0.0,1.0,0.0
201100028154,11,12,5,1018,1,2,1,1.0,6.0,63,QUAI RICHELIEU,,,,330,4,0.0,,,3.0,9.0,,,0.0,1.0,1.0,0.0,0.0,2.0,4.0,1.0,0.0
201100028155,11,11,30,740,5,2,1,1.0,3.0,69,"342, AVE DE LA LIBERATIO",,,,330,4,0.0,,,2.0,2.0,,,0.0,1.0,0.0,0.0,0.0,1.0,0.0,1.0,0.0
201100028156,11,12,6,820,1,2,3,2.0,6.0,63,"375, AVE D'EYSINES CAUD",,,,330,4,0.0,,,2.0,2.0,,,0.0,1.0,1.0,0.0,0.0,2.0,0.0,1.0,0.0
201100028157,11,12,6,2306,5,2,4,2.0,2.0,63,QUAI SAINTE- CROIX,,,,330,4,0.0,,,1.0,1.0,,,2.0,1.0,2.0,0.0,0.0,2.0,0.0,1.0,0.0
201100028158,11,12,6,1414,1,2,3,1.0,6.0,63,RUE ARNAUD MIQUEU,,,,330,4,0.0,,,1.0,1.0,,,0.0,1.0,1.0,0.0,0.0,1.0,0.0,0.0,0.0
201100028159,11,12,4,1140,1,2,1,2.0,3.0,13,AVE DE L' ILE DE FRANCE,,,,330,4,0.0,,,2.0,2.0,,,0.0,2.0,1.0,0.0,0.0,2.0,0.0,1.0,0.0
201100028160,11,12,5,925,1,2,1,3.0,2.0,249,QUAI NUMA SENSINE,,,,330,4,0.0,,,2.0,0.0,,,0.0,1.0,1.0,0.0,0.0,2.0,4.0,1.0,0.0
201100028161,11,12,3,1745,5,2,9,2.0,3.0,249,VOIE D'ACCES CENTRE COMM,,,,330,4,0.0,,,2.0,2.0,,,0.0,1.0,0.0,0.0,80.0,1.0,0.0,1.0,0.0
201100028162,11,12,3,1810,5,2,1,6.0,5.0,167,ENTREE ROCADE N?24,,,,330,4,0.0,,,3.0,4.0,,,0.0,1.0,1.0,0.0,0.0,2.0,0.0,1.0,0.0
201100028163,11,12,3,1725,1,2,3,1.0,6.0,119,AVE JEAN JAURES,,,,330,4,0.0,,,2.0,6.0,,,0.0,1.0,1.0,0.0,0.0,2.0,0.0,1.0,0.0
201100028164,11,12,1,750,2,2,6,1.0,3.0,318,AVE JEAN BABIN,,,,330,4,0.0,,,2.0,2.0,,,0.0,1.0,1.0,0.0,81.0,1.0,0.0,1.0,0.0
201100028165,11,12,7,900,1,2,2,1.0,3.0,63,CRS PORTAL,,,,330,4,0.0,,,2.0,2.0,,,0.0,1.0,1.0,0.0,0.0,2.0,0.0,1.0,0.0
201100028166,11,12,1,655,5,2,2,1.0,3.0,39,RUE LEON GAMBETTA,,,,330,4,0.0,,,2.0,2.0,,,0.0,1.0,1.0,0.0,40.0,1.0,0.0,1.0,0.0
201100028167,11,12,2,2006,5,2,2,1.0,1.0,522,CRS DE LA LIBERATION,,,,330,4,0.0,,,2.0,2.0,,,2.0,1.0,1.0,0.0,100.0,1.0,5.0,1.0,0.0
201100028168,11,12,2,815,2,2,6,3.0,6.0,249,RTE DE BORDEAUX,,,,330,4,0.0,,,2.0,2.0,,,0.0,1.0,3.0,0.0,0.0,2.0,1.0,1.0,0.0
201100028169,11,11,28,1240,1,2,1,1.0,2.0,281,AVE DU SOUVENIR,,,,330,4,0.0,,,2.0,2.0,,,0.0,1.0,1.0,0.0,30.0,1.0,0.0,1.0,0.0
201100028170,11,12,7,640,5,2,6,1.0,2.0,63,BD ALFRED DANEY,,,,330,4,0.0,,,3.0,6.0,,,2.0,1.0,1.0,0.0,0.0,2.0,4.0,1.0,0.0
201100028171,11,12,7,955,1,2,3,1.0,6.0,63,"33, RUE LAJARTE",,,,330,4,0.0,,,1.0,1.0,,,0.0,1.0,1.0,80.0,25.0,1.0,0.0,4.0,0.0
201100028172,11,11,30,800,2,2,1,1.0,1.0,281,"10, RUE GUTENBERG",,,,330,4,0.0,,,2.0,2.0,,,0.0,1.0,0.0,0.0,0.0,2.0,0.0,1.0,0.0
201100028173,11,12,2,940,1,2,3,2.0,3.0,281,RUE PIERRE BROSSOLETTE,,,,330,4,0.0,,,1.0,1.0,,,0.0,1.0,1.0,0.0,0.0,2.0,0.0,1.0,0.0
201100028174,11,12,9,100,5,2,1,2.0,6.0,63,QUAI RICHELIEU,,,,330,4,0.0,,,3.0,9.0,,,0.0,1.0,1.0,0.0,0.0,2.0,4.0,1.0,0.0
201100028175,11,12,8,900,1,2,1,1.0,2.0,63,"20, BD DU PDT FRANKLIN R",,,,330,4,0.0,,,3.0,2.0,,,2.0,1.0,1.0,0.0,0.0,1.0,0.0,1.0,0.0
201100028176,11,12,8,2150,5,2,4,8.0,3.0,63,RUE JUDAIQUE,,,,330,4,0.0,,,0.0,1.0,,,0.0,0.0,0.0,0.0,0.0,0.0,1.0,1.0,0.0
201100028177,11,12,3,1410,1,2,1,2.0,6.0,318,"4, AVE JEAN JAURES",,,,330,4,0.0,,,2.0,2.0,,,0.0,2.0,1.0,0.0,0.0,2.0,0.0,1.0,0.0
201100028178,11,12,6,1630,2,2,1,2.0,6.0,119,AVE JEAN ZAY,,,,330,4,0.0,,,0.0,2.0,,,0.0,0.0,0.0,0.0,0.0,0.0,0.0,1.0,3.0
201100028179,11,12,1,740,1,2,2,1.0,3.0,162,RUE DU 19 MARS 1962,,,,330,4,0.0,,,2.0,2.0,,,0.0,1.0,1.0,0.0,80.0,1.0,0.0,1.0,0.0
201100028180,11,12,11,530,5,2,1,1.0,7.0,63,"3, PCE DE STALINGRAD",,,,330,4,0.0,,,4.0,8.0,,,1.0,1.0,1.0,0.0,60.0,1.0,4.0,1.0,0.0
201100028181,11,12,9,840,1,2,2,2.0,3.0,63,RUE ARAGO,,,,330,4,0.0,,,1.0,1.0,,,0.0,1.0,1.0,0.0,0.0,2.0,0.0,1.0,0.0
201100028182,11,12,5,640,5,2,1,2.0,2.0,75,RTE DU MEDOC,,,,330,4,0.0,,,2.0,2.0,,,0.0,2.0,1.0,0.0,0.0,2.0,0.0,1.0,0.0
201100028183,11,12,10,742,2,2,2,1.0,6.0,63,RUE SAINTE- PHILOMENE,,,,330,4,0.0,,,1.0,1.0,,,0.0,1.0,1.0,0.0,0.0,2.0,0.0,1.0,0.0
201100028184,11,12,2,1835,5,2,2,1.0,6.0,63,BD ALBERT 1ER,,,,330,4,0.0,,,2.0,4.0,,,1.0,1.0,1.0,0.0,134.0,1.0,5.0,1.0,0.0
201100028185,11,12,10,1805,5,2,2,1.0,3.0,63,PCE MARTYRS DE LA RESIST,,,,330,4,0.0,,,1.0,1.0,,,0.0,1.0,1.0,0.0,0.0,1.0,0.0,1.0,0.0
201100028186,11,12,2,1210,1,2,3,1.0,3.0,281,RUE DES RENARDEAUX,,,,330,4,0.0,,,2.0,2.0,,,0.0,1.0,1.0,0.0,0.0,2.0,0.0,1.0,0.0
201100028187,11,12,2,830,1,2,3,2.0,6.0,75,RTE DU MEDOC,,,,330,4,0.0,,,2.0,2.0,,,0.0,1.0,1.0,0.0,152.0,2.0,0.0,1.0,0.0
201100028188,11,12,9,515,5,2,1,2.0,6.0,63,"70, CRS DE VERDUN",,,,330,4,0.0,,,2.0,5.0,,,3.0,1.0,1.0,0.0,0.0,2.0,0.0,3.0,0.0
201100028189,11,12,7,1405,1,2,1,2.0,7.0,13,ALL CHRISTOPHE COLOMB,,,,330,4,0.0,,,2.0,2.0,,,0.0,1.0,4.0,0.0,300.0,2.0,0.0,1.0,0.0
201100028190,11,12,12,1420,1,2,1,2.0,2.0,63,CRS CHARLES BRICAUD,,,,330,4,0.0,,,1.0,2.0,,,0.0,1.0,1.0,0.0,0.0,2.0,0.0,1.0,0.0
201100028191,11,12,12,1750,1,2,3,1.0,7.0,318,AVE DU PARC D'ESPAGNE,,,,330,4,0.0,,,2.0,2.0,,,0.0,1.0,1.0,34.0,61.0,2.0,0.0,1.0,0.0
201100028192,11,12,5,1530,1,2,2,1.0,3.0,550,RUE MARX DORMOY,,,,330,4,0.0,,,2.0,2.0,,,0.0,1.0,1.0,0.0,0.0,2.0,0.0,1.0,0.0
201100028193,11,12,3,850,1,2,3,2.0,2.0,162,AVE DU MEDOC,,,,330,4,0.0,,,2.0,2.0,,,1.0,1.0,0.0,0.0,0.0,2.0,5.0,1.0,0.0
201100028194,11,12,7,1320,1,2,3,2.0,6.0,162,"42, AVE DE PICOT",,,,330,4,0.0,,,2.0,2.0,,,0.0,1.0,1.0,0.0,0.0,2.0,0.0,1.0,0.0
201100028195,11,12,12,1345,1,2,2,2.0,4.0,63,"271, RUE JUDAIQUE",,,,330,4,0.0,,,1.0,3.0,,,2.0,1.0,1.0,0.0,0.0,1.0,0.0,1.0,0.0
201100028196,11,12,13,1600,1,2,2,2.0,6.0,63,RUE JULES DELPIT,,,,330,4,0.0,,,1.0,1.0,,,0.0,1.0,1.0,0.0,0.0,2.0,5.0,1.0,0.0
201100028197,11,12,14,210,5,2,2,2.0,6.0,39,BD ALBERT 1ER,,,,330,4,0.0,,,0.0,1.0,,,0.0,0.0,0.0,0.0,0.0,0.0,0.0,0.0,0.0
201100028198,11,12,15,120,5,2,9,3.0,7.0,63,RUE ERNEST RENAN,,,,330,4,0.0,,,1.0,1.0,,,0.0,1.0,2.0,0.0,0.0,2.0,0.0,1.0,0.0
201100028199,11,12,8,1225,1,2,1,1.0,3.0,281,"209, AVE DE LA MARNE",,,,330,4,0.0,,,2.0,2.0,,,0.0,1.0,1.0,0.0,0.0,1.0,0.0,1.0,0.0
201100028200,11,12,8,715,5,2,2,2.0,6.0,522,RUE PACARIS,,,,330,4,0.0,,,2.0,2.0,,,0.0,1.0,1.0,0.0,0.0,2.0,0.0,1.0,0.0
201100028201,11,12,10,1114,1,2,3,1.0,6.0,550,RUE BOSSUET,,,,330,4,0.0,,,0.0,1.0,,,0.0,0.0,0.0,0.0,0.0,0.0,0.0,1.0,0.0
201100028202,11,12,13,1710,2,2,8,2.0,6.0,119,AVE JEAN ZAY,,,,330,4,0.0,,,2.0,2.0,,,3.0,1.0,1.0,0.0,0.0,2.0,4.0,1.0,3.0
201100028203,11,12,15,1735,5,2,2,2.0,3.0,63,RUE FRANCISCO FERRER,,,,330,4,0.0,,,2.0,2.0,,,0.0,1.0,1.0,0.0,0.0,2.0,1.0,2.0,0.0
201100028204,11,12,15,1840,5,2,1,3.0,2.0,63,BD GEORGE V,,,,330,4,0.0,,,2.0,2.0,,,0.0,3.0,1.0,0.0,60.0,2.0,0.0,1.0,0.0
201100028205,11,12,15,1050,1,2,2,2.0,2.0,249,RTE DE BASSENS,,,,330,4,0.0,,,3.0,3.0,,,0.0,2.0,0.0,0.0,0.0,2.0,0.0,1.0,3.0
201100028206,11,12,16,1825,4,2,2,2.0,3.0,63,"9, RUE CAPDEVILLE",,,,330,4,0.0,,,2.0,2.0,,,0.0,1.0,1.0,0.0,0.0,2.0,0.0,1.0,0.0
201100028207,11,12,16,2110,5,2,3,2.0,3.0,63,CRS ARISTIDE BRIAND,,,,330,4,0.0,,,1.0,1.0,,,0.0,1.0,1.0,0.0,0.0,2.0,0.0,1.0,0.0
201100028208,11,12,16,2130,5,2,5,3.0,3.0,63,RUE ESPRIT-DES-LOIS,,,,330,4,0.0,,,2.0,2.0,,,0.0,1.0,3.0,0.0,0.0,2.0,4.0,1.0,0.0
201100028209,11,12,17,1420,1,2,3,3.0,2.0,63,QUAI DE LA SOUYS,,,,330,4,0.0,,,2.0,2.0,,,0.0,1.0,1.0,0.0,0.0,2.0,5.0,1.0,0.0
201100028210,11,12,17,1730,1,2,2,1.0,6.0,63,CRS DE LA MARNE,,,,330,4,0.0,,,2.0,2.0,,,0.0,1.0,1.0,0.0,0.0,2.0,5.0,1.0,0.0
201100028211,11,12,16,1205,1,2,3,3.0,6.0,63,RUE CLAUDE BONNIER,,,,330,4,0.0,,,0.0,1.0,,,0.0,0.0,0.0,0.0,0.0,0.0,0.0,0.0,0.0
201100028212,11,12,19,2115,5,2,2,1.0,3.0,63,CRS DE LA SOMME,,,,330,4,0.0,,,2.0,2.0,,,0.0,1.0,1.0,0.0,0.0,2.0,0.0,1.0,0.0
201100028213,11,12,19,1915,5,2,3,2.0,6.0,63,"02, CRS DE LA MARTINIQUE",,,,330,4,0.0,,,3.0,2.0,,,3.0,1.0,1.0,0.0,0.0,2.0,4.0,1.0,0.0
201100028214,11,12,13,1830,3,2,3,2.0,6.0,522,AVE PIERRE CORNEILLE,,,,330,4,0.0,,,2.0,2.0,,,0.0,1.0,1.0,0.0,0.0,2.0,0.0,1.0,0.0
201100028215,11,12,16,845,1,2,4,3.0,3.0,281,ALL PRESIDENT RENE COTY,,,,330,4,0.0,,,3.0,2.0,,,0.0,1.0,1.0,0.0,0.0,2.0,0.0,1.0,0.0
201100028216,11,12,13,1130,1,2,1,1.0,6.0,69,"368, AVE DE LA LIBERATIO",,,,330,4,0.0,,,1.0,1.0,,,0.0,1.0,1.0,0.0,0.0,1.0,0.0,1.0,0.0
201100028217,11,12,20,610,5,2,6,2.0,2.0,63,RD PT DE BRIENNE,,,,330,4,0.0,,,1.0,2.0,,,2.0,1.0,1.0,0.0,0.0,2.0,0.0,1.0,0.0
201100028218,11,12,20,1040,1,2,1,1.0,4.0,63,QUAI DE BACALAN,,,,330,4,0.0,,,1.0,9.0,,,0.0,1.0,1.0,0.0,0.0,2.0,0.0,1.0,0.0
201100028219,11,12,17,1100,1,2,5,2.0,6.0,281,AVE DU BEDAT,,,,330,4,0.0,,,2.0,4.0,,,0.0,1.0,1.0,0.0,0.0,2.0,0.0,1.0,0.0
201100028220,11,12,16,750,5,2,2,3.0,3.0,75,AVE MARTYRS DE LA RESIST,,,,330,4,0.0,,,2.0,2.0,,,0.0,1.0,1.0,0.0,0.0,2.0,0.0,1.0,0.0