Num_Acc,an,mois,jour,hrmn,lum,agg,int,atm,col,com,adr,gps,lat,long,dep,catr,voie,v1,v2,circ,nbv,pr,pr1,vosp,prof,plan,lartpc,larrout,surf,infra,situ,env1
201100028221,11,12,17,1645,5,2,1,2.0,3.0,281,"214, AVE DE LA MARNE",,,,330,4,0.0,,,2.0,2.0,,,2.0,1.0,1.0,0.0,0.0,2.0,0.0,1.0,0.0
201100028222,11,12,15,1815,5,2,1,3.0,6.0,200,"118, RUE DE TANAYS",,,,330,4,0.0,,,2.0,2.0,,,0.0,1.0,1.0,0.0,0.0,1.0,0.0,1.0,3.0
201100028223,11,12,22,10,5,2,6,2.0,7.0,281,AVE DE L'YSER,,,,330,4,0.0,,,2.0,2.0,,,0.0,1.0,1.0,0.0,0.0,2.0,0.0,1.0,0.0
201100028224,11,12,21,2030,5,2,2,2.0,2.0,281,AVE FRANCOIS MITTERRAND,,,,330,4,0.0,,,2.0,2.0,,,0.0,1.0,1.0,0.0,0.0,2.0,0.0,1.0,0.0
201100028225,11,12,18,1948,5,2,2,1.0,6.0,522,AVE PAUL BERT,,,,330,4,0.0,,,2.0,2.0,,,0.0,1.0,1.0,0.0,0.0,1.0,0.0,1.0,0.0
201100028226,11,12,15,1520,1,2,2,3.0,3.0,522,RUE LAFITTE,,,,330,4,0.0,,,2.0,2.0,,,0.0,1.0,1.0,0.0,0.0,2.0,0.0,1.0,0.0
201100028227,11,12,20,1435,1,2,6,2.0,3.0,318,RUE DE LA MISSION DU HAU,,,,330,4,0.0,,,2.0,2.0,,,0.0,1.0,2.0,0.0,0.0,2.0,0.0,1.0,0.0
201100028228,11,12,16,754,1,2,1,3.0,6.0,192,CRS DU GENERAL DE GAULLE,,,,330,4,0.0,,,2.0,2.0,,,2.0,1.0,1.0,0.0,0.0,2.0,0.0,1.0,0.0
201100028229,11,12,17,1055,1,2,3,2.0,3.0,318,AVE DE BEUTRE,,,,330,4,0.0,,,2.0,2.0,,,2.0,1.0,1.0,0.0,0.0,2.0,0.0,1.0,0.0
201100028230,11,12,22,1245,1,2,6,1.0,3.0,522,CRS DE LA LIBERATION,,,,330,4,0.0,,,2.0,1.0,,,0.0,1.0,1.0,0.0,0.0,1.0,4.0,1.0,0.0
201100028231,11,12,22,1200,1,2,1,1.0,6.0,69,PCE GAMBETTA,,,,330,4,0.0,,,1.0,1.0,,,0.0,1.0,1.0,0.0,0.0,2.0,0.0,1.0,0.0
201100028232,11,12,28,1620,1,2,1,1.0,2.0,63,"76, AVE CARNOT CAUD",,,,330,4,0.0,,,2.0,2.0,,,0.0,1.0,3.0,0.0,110.0,1.0,0.0,1.0,0.0
201100028233,11,12,26,1500,1,2,1,1.0,3.0,119,AVE RENE CASSAGNE,,,,330,4,0.0,,,2.0,4.0,,,2.0,1.0,1.0,0.0,0.0,1.0,0.0,1.0,0.0
201100028234,11,1,16,1400,1,2,2,1.0,3.0,243,"44, COLOMBES(ALLEE DES)",,,,330,4,0.0,,,2.0,4.0,,,0.0,1.0,1.0,0.0,50.0,1.0,0.0,1.0,99.0
201100028235,11,2,13,1555,1,2,1,1.0,6.0,243,"113, CARNOT(RUE DU PRESI",,,,330,4,0.0,,,1.0,1.0,,,0.0,1.0,1.0,0.0,46.0,1.0,0.0,1.0,99.0
201100028236,11,3,3,1635,1,2,3,1.0,2.0,243,"4, CATUSSEAU(ROUTE DE)",,,,330,3,0.0,,,0.0,2.0,,,0.0,1.0,1.0,0.0,89.0,1.0,4.0,1.0,99.0
201100028237,11,4,23,1515,1,2,1,1.0,6.0,243,"102, GAULLE(AVENUE DU GE",,,,330,6,0.0,,,1.0,1.0,,,0.0,1.0,2.0,0.0,50.0,1.0,0.0,0.0,99.0
201100028238,11,4,29,1200,1,2,2,1.0,3.0,243,"24, CARNOT(RUE DU PRESID",,,,330,4,0.0,,,1.0,1.0,,,0.0,1.0,1.0,0.0,53.0,1.0,0.0,1.0,99.0
201100028239,11,6,24,2300,5,2,2,1.0,1.0,243,"169, MARNE(RUE DE LA)",,,,330,3,1089.0,,,3.0,5.0,,,0.0,1.0,1.0,25.0,153.0,1.0,0.0,1.0,99.0
201100028240,11,7,8,415,5,2,1,1.0,6.0,243,"115, GAULLE(AVENUE DU GE",,,,330,3,0.0,,,2.0,2.0,,,0.0,1.0,1.0,0.0,0.0,1.0,0.0,1.0,99.0
201100028241,11,7,23,1900,1,2,1,1.0,3.0,243,"67, GALLIENI(AVENUE)",,,,330,4,0.0,,,2.0,2.0,,,0.0,1.0,1.0,0.0,0.0,1.0,0.0,1.0,99.0
201100028242,11,8,6,1600,1,2,7,2.0,3.0,243,LATTRE DE TASSIGNY(PLACE,,,,330,4,0.0,,,3.0,1.0,,,0.0,0.0,1.0,0.0,500.0,2.0,0.0,1.0,99.0
201100056071,11,1,1,405,4,1,1,1.0,5.0,550,ROCADE A 630,,,,330,1,630.0,,,3.0,6.0,31.0,100.0,0.0,2.0,3.0,0.0,220.0,1.0,0.0,1.0,99.0
201100056072,11,1,1,1200,1,1,1,1.0,6.0,397,AUTOROUTE A 10,,,,330,1,10.0,,,3.0,6.0,537.0,801.0,0.0,1.0,1.0,5.0,210.0,1.0,0.0,1.0,99.0
201100056073,11,1,3,1510,1,1,1,1.0,4.0,122,AUTOROUTE A 63,,,,330,1,63.0,,,3.0,4.0,10.0,900.0,0.0,1.0,1.0,100.0,140.0,1.0,0.0,1.0,99.0
201100056074,11,1,5,1420,1,1,1,2.0,2.0,39,ROCADE A 630,,,,330,1,630.0,,,3.0,6.0,33.0,200.0,0.0,2.0,1.0,10.0,210.0,2.0,0.0,1.0,99.0
201100056075,11,1,6,1520,1,1,1,2.0,6.0,318,ROCADE A 630,,,,330,1,630.0,,,1.0,2.0,25.0,0.0,0.0,1.0,2.0,0.0,70.0,2.0,3.0,1.0,99.0
201100056076,11,1,11,1855,5,1,1,1.0,4.0,39,ROCADE A 631,,,,330,1,631.0,,,3.0,6.0,34.0,0.0,0.0,1.0,1.0,0.0,210.0,1.0,0.0,1.0,99.0
201100056077,11,1,12,1230,1,1,1,1.0,6.0,318,ROCADE A 630,,,,330,1,630.0,,,1.0,2.0,25.0,0.0,0.0,1.0,3.0,100.0,280.0,1.0,3.0,1.0,99.0
201100056078,11,1,12,1825,5,1,1,2.0,7.0,249,ROCADE A 630,,,,330,1,630.0,,,1.0,2.0,0.0,500.0,0.0,1.0,4.0,0.0,70.0,2.0,0.0,1.0,99.0
201100056079,11,1,13,750,2,1,1,1.0,5.0,90,AUTOROUTE A 63,,,,330,1,63.0,,,3.0,4.0,4.0,950.0,0.0,1.0,1.0,80.0,70.0,1.0,0.0,1.0,99.0
201100056080,11,1,14,1350,1,1,1,1.0,5.0,39,ROCADE A 630,,,,330,1,630.0,,,3.0,6.0,33.0,0.0,0.0,1.0,1.0,5.0,210.0,1.0,0.0,1.0,99.0
201100056081,11,1,14,1920,5,1,1,1.0,5.0,119,ROUTE NATIONALE 230,,,,330,2,230.0,,,3.0,6.0,42.0,0.0,0.0,1.0,1.0,10.0,210.0,1.0,0.0,1.0,99.0
201100056082,11,1,20,1350,1,1,1,1.0,2.0,281,ROCADE A 630,,,,330,1,630.0,,,2.0,4.0,15.0,500.0,0.0,1.0,1.0,80.0,140.0,1.0,0.0,1.0,99.0
201100056083,11,1,20,1520,1,1,1,1.0,7.0,75,ROCADE A 630,,,,330,1,630.0,,,1.0,2.0,6.0,800.0,0.0,1.0,1.0,0.0,70.0,1.0,3.0,1.0,99.0
201100056084,11,1,25,705,5,1,1,1.0,6.0,192,ROCADE A 630,,,,330,1,630.0,,,3.0,6.0,26.0,600.0,0.0,1.0,3.0,0.0,35.0,1.0,3.0,1.0,99.0
201100056085,11,1,26,730,3,1,1,1.0,4.0,80,AUTOROUTE A 62,,,,330,1,62.0,,,3.0,4.0,3.0,0.0,0.0,1.0,1.0,0.0,210.0,1.0,0.0,1.0,99.0
201100056086,11,1,26,755,1,1,1,1.0,4.0,75,ROCADE A 630,,,,330,1,630.0,,,3.0,4.0,10.0,0.0,0.0,1.0,1.0,80.0,140.0,1.0,0.0,1.0,99.0
201100056087,11,1,26,1900,5,1,1,1.0,3.0,550,ROCADE A 630,,,,330,1,630.0,,,3.0,7.0,29.0,0.0,0.0,1.0,1.0,10.0,235.0,1.0,0.0,1.0,99.0
201100056088,11,1,28,1945,5,1,1,2.0,2.0,167,ROUTE NATIONALE 230,,,,330,2,230.0,,,3.0,6.0,37.0,300.0,0.0,1.0,3.0,5.0,210.0,2.0,0.0,1.0,99.0
201100056089,11,1,30,2200,3,1,1,1.0,2.0,192,AUTOROUTE A 63,,,,330,1,63.0,,,3.0,4.0,1.0,500.0,0.0,1.0,1.0,50.0,140.0,1.0,0.0,1.0,99.0
201100056090,11,2,2,750,5,1,1,1.0,4.0,39,ROCADE A 631,,,,330,2,631.0,,,3.0,6.0,34.0,300.0,0.0,1.0,1.0,0.0,210.0,1.0,2.0,1.0,99.0
201100056091,11,2,4,1045,1,1,1,8.0,2.0,550,ROCADE A 630,,,,330,1,630.0,,,3.0,6.0,29.0,100.0,0.0,1.0,1.0,5.0,210.0,1.0,3.0,1.0,99.0
201100056092,11,2,4,2015,5,1,1,1.0,3.0,167,ROUTE NATIONALE 230,,,,330,2,230.0,,,3.0,6.0,36.0,500.0,0.0,2.0,3.0,10.0,210.0,1.0,0.0,1.0,99.0
201100056093,11,2,4,2250,3,1,1,1.0,5.0,143,AUTOROUTE A 10,,,,330,1,10.0,,,3.0,6.0,532.0,350.0,0.0,1.0,1.0,15.0,210.0,1.0,0.0,1.0,99.0
201100056094,11,2,7,830,1,1,1,1.0,3.0,281,ROCADE A 630,,,,330,1,630.0,,,3.0,6.0,16.0,0.0,0.0,1.0,1.0,50.0,210.0,1.0,0.0,1.0,99.0
201100056095,11,2,9,1225,1,1,1,1.0,4.0,162,ROCADE A 630,,,,330,1,630.0,,,3.0,4.0,13.0,20.0,0.0,1.0,1.0,0.0,140.0,1.0,0.0,1.0,99.0
201100056096,11,2,10,800,1,1,1,1.0,2.0,119,ROUTE NATIONALE 230,,,,330,2,230.0,,,3.0,7.0,42.0,350.0,0.0,1.0,1.0,0.0,245.0,1.0,0.0,1.0,99.0
201100056097,11,2,10,2325,5,1,1,1.0,3.0,550,ROCADE A 630,,,,330,1,630.0,,,3.0,6.0,30.0,500.0,0.0,1.0,1.0,5.0,210.0,1.0,0.0,1.0,99.0
201100056098,11,2,15,1810,1,1,1,2.0,5.0,75,ROCADE A 630,,,,330,1,630.0,,,3.0,4.0,10.0,500.0,0.0,1.0,1.0,60.0,210.0,2.0,0.0,1.0,99.0
201100056099,11,2,19,2130,5,1,1,1.0,2.0,281,ROCADE A 630,,,,330,1,630.0,,,3.0,4.0,16.0,700.0,0.0,1.0,1.0,100.0,140.0,2.0,0.0,1.0,99.0
201100056100,11,2,20,1805,1,1,1,1.0,4.0,550,AUTOROUTE A 62,,,,330,1,62.0,,,3.0,4.0,1.0,200.0,0.0,1.0,1.0,5.0,140.0,1.0,0.0,1.0,99.0
201100056101,11,2,22,1425,1,1,1,2.0,2.0,75,ROCADE A 630,,,,330,1,630.0,,,3.0,4.0,9.0,300.0,0.0,1.0,1.0,80.0,140.0,1.0,0.0,1.0,99.0
201100056102,11,2,23,735,2,1,1,1.0,3.0,318,ROCADE A 630,,,,330,1,630.0,,,1.0,2.0,25.0,0.0,0.0,1.0,2.0,0.0,70.0,2.0,3.0,1.0,0.0
201100056103,11,2,23,2255,3,1,1,2.0,2.0,366,AUTOROUTE A 10,,,,330,1,10.0,,,3.0,6.0,530.0,500.0,0.0,1.0,1.0,5.0,210.0,2.0,0.0,0.0,99.0
201100056104,11,3,4,755,1,1,1,1.0,2.0,318,ROCADE A 630,,,,330,1,630.0,,,1.0,2.0,25.0,125.0,0.0,1.0,2.0,50.0,70.0,1.0,3.0,0.0,99.0
201100056105,11,3,4,1810,1,1,1,1.0,2.0,281,ROCADE A 630,,,,330,1,630.0,,,3.0,5.0,14.0,850.0,0.0,1.0,1.0,40.0,175.0,1.0,3.0,1.0,99.0
201100056106,11,3,5,1910,1,1,1,1.0,7.0,96,AUTOROUTE A 10,,,,330,1,10.0,,,3.0,6.0,541.0,100.0,0.0,1.0,1.0,0.0,210.0,1.0,0.0,1.0,99.0
201100056107,11,3,5,2320,5,1,1,1.0,2.0,119,ROUTE NATIONALE 230,,,,330,2,230.0,,,3.0,6.0,41.0,500.0,0.0,2.0,1.0,0.0,210.0,1.0,0.0,1.0,99.0
201100056108,11,3,6,135,5,1,1,1.0,2.0,90,AUTOROUTE A 63,,,,330,1,63.0,,,3.0,4.0,2.0,350.0,0.0,1.0,1.0,0.0,140.0,1.0,0.0,1.0,99.0
201100056109,11,3,9,625,5,1,1,1.0,3.0,550,ROCADE A 630,,,,330,1,630.0,,,3.0,6.0,29.0,800.0,0.0,1.0,1.0,0.0,210.0,1.0,3.0,1.0,99.0
201100056110,11,3,10,830,1,1,1,1.0,3.0,162,ROCADE A 630,,,,330,1,630.0,,,3.0,4.0,12.0,900.0,0.0,1.0,1.0,100.0,140.0,1.0,0.0,0.0,99.0
201100056111,11,3,11,900,1,1,1,1.0,4.0,80,AUTOROUTE A 62,,,,330,1,62.0,,,3.0,4.0,4.0,0.0,0.0,1.0,1.0,50.0,140.0,1.0,0.0,1.0,99.0
201100056112,11,3,11,915,1,1,1,1.0,2.0,448,AUTOROUTE A 62,,,,330,1,62.0,,,3.0,4.0,6.0,0.0,0.0,1.0,1.0,20.0,140.0,1.0,0.0,1.0,99.0
201100056113,11,3,11,1950,3,1,1,1.0,5.0,80,AUTOROUTE A 62,,,,330,1,62.0,,,3.0,4.0,3.0,0.0,0.0,1.0,1.0,0.0,140.0,1.0,0.0,1.0,99.0
201100056114,11,3,11,2200,3,1,1,1.0,6.0,80,AUTOROUTE A 62,,,,330,1,62.0,,,3.0,4.0,2.0,480.0,0.0,1.0,1.0,5.0,140.0,1.0,0.0,1.0,99.0
201100056115,11,3,14,1630,1,1,1,1.0,5.0,167,ROUTE NATIONALE 230,,,,330,2,230.0,,,3.0,6.0,36.0,800.0,0.0,2.0,1.0,5.0,210.0,1.0,0.0,2.0,99.0
201100056116,11,3,15,1535,1,1,1,1.0,3.0,550,ROCADE A 630,,,,330,1,630.0,,,3.0,6.0,29.0,530.0,0.0,1.0,1.0,10.0,210.0,1.0,0.0,1.0,99.0
201100056117,11,3,21,655,3,1,1,1.0,6.0,90,AUTOROUTE A 63,,,,330,1,63.0,,,3.0,4.0,4.0,500.0,0.0,1.0,1.0,50.0,140.0,1.0,0.0,1.0,99.0
201100056118,11,3,21,1020,1,1,1,1.0,2.0,192,ROCADE A 630,,,,330,1,630.0,,,3.0,4.0,25.0,900.0,0.0,1.0,1.0,35.0,140.0,1.0,0.0,1.0,99.0
201100056119,11,3,21,1130,1,1,1,1.0,3.0,63,ROCADE A 630,,,,330,1,630.0,,,3.0,4.0,6.0,0.0,0.0,1.0,1.0,30.0,140.0,1.0,0.0,2.0,0.0
201100056120,11,3,28,1755,1,1,1,1.0,2.0,192,ROCADE A 630,,,,330,1,630.0,,,3.0,6.0,25.0,350.0,0.0,1.0,1.0,5.0,210.0,1.0,0.0,1.0,99.0
201100056121,11,3,31,915,1,1,1,2.0,3.0,39,ROCADE A 631,,,,330,1,631.0,,,3.0,6.0,35.0,170.0,0.0,1.0,1.0,10.0,210.0,2.0,0.0,1.0,99.0
201100056122,11,4,3,2135,5,1,1,1.0,5.0,318,ROCADE A 630,,,,330,1,630.0,,,3.0,4.0,23.0,0.0,0.0,1.0,1.0,40.0,140.0,1.0,0.0,1.0,99.0
201100056123,11,4,4,1610,1,1,1,1.0,4.0,90,AUTOROUTE A 63,,,,330,1,63.0,,,3.0,4.0,5.0,500.0,0.0,1.0,1.0,0.0,140.0,1.0,0.0,1.0,99.0
201100056124,11,4,6,1940,1,1,1,1.0,3.0,39,ROCADE A 630,,,,330,1,630.0,,,3.0,6.0,33.0,200.0,0.0,1.0,1.0,5.0,210.0,1.0,0.0,1.0,99.0
201100056125,11,4,6,2020,1,1,1,1.0,7.0,281,ROCADE A 630,,,,330,1,630.0,,,1.0,1.0,19.0,300.0,0.0,2.0,3.0,0.0,35.0,1.0,3.0,1.0,99.0
201100056126,11,4,7,805,1,1,1,1.0,5.0,162,ROCADE A 630,,,,330,1,630.0,,,3.0,4.0,11.0,200.0,0.0,1.0,1.0,50.0,140.0,1.0,0.0,1.0,99.0
201100056127,11,4,7,1625,1,1,1,1.0,2.0,39,ROCADE A 630,,,,330,1,630.0,,,3.0,6.0,32.0,850.0,0.0,1.0,1.0,10.0,210.0,1.0,0.0,1.0,99.0
201100056128,11,4,7,1850,1,1,1,1.0,2.0,162,ROCADE A 630,,,,330,1,630.0,,,3.0,4.0,11.0,800.0,0.0,1.0,1.0,80.0,140.0,1.0,0.0,1.0,99.0
201100056129,11,4,8,345,5,1,1,1.0,5.0,249,ROUTE NATIONALE 230,,,,330,1,230.0,,,3.0,6.0,42.0,605.0,0.0,1.0,1.0,5.0,210.0,1.0,0.0,1.0,0.0
201100056130,11,4,8,1800,1,1,1,1.0,7.0,162,ROCADE A 630,,,,330,1,630.0,,,1.0,1.0,12.0,800.0,0.0,2.0,3.0,0.0,35.0,1.0,3.0,1.0,99.0
201100056131,11,4,12,1355,1,1,1,1.0,5.0,39,ROCADE A 630,,,,330,1,630.0,,,3.0,6.0,33.0,600.0,0.0,1.0,1.0,5.0,210.0,1.0,0.0,1.0,99.0
201100056132,11,4,15,515,5,1,1,1.0,6.0,75,ROCADE A 630,,,,330,1,630.0,,,3.0,4.0,9.0,600.0,0.0,1.0,3.0,50.0,140.0,1.0,3.0,1.0,99.0
201100056133,11,4,16,1225,1,1,1,1.0,4.0,397,AUTOROUTE A 10,,,,330,1,10.0,,,3.0,6.0,538.0,500.0,0.0,1.0,1.0,5.0,210.0,1.0,0.0,1.0,99.0
201100056134,11,4,17,1935,1,1,1,1.0,6.0,281,ROCADE A 630,,,,330,1,630.0,,,3.0,4.0,18.0,800.0,0.0,1.0,1.0,50.0,140.0,1.0,3.0,2.0,99.0
201100056135,11,4,22,1850,1,1,1,1.0,2.0,487,AUTOROUTE A 10,,,,330,1,10.0,,,3.0,6.0,534.0,800.0,0.0,2.0,1.0,20.0,210.0,1.0,0.0,1.0,99.0
201100056136,11,4,25,110,5,1,1,1.0,7.0,249,ROUTE NATIONALE 230,,,,330,2,10.0,,,1.0,2.0,44.0,0.0,0.0,2.0,3.0,0.0,50.0,1.0,3.0,3.0,99.0
201100056137,11,4,26,1455,1,1,1,1.0,5.0,550,ROCADE A 630,,,,330,1,630.0,,,3.0,6.0,29.0,100.0,0.0,1.0,1.0,15.0,210.0,1.0,0.0,1.0,99.0
201100056138,11,4,27,2005,1,1,1,2.0,7.0,65,ROUTE NATIONALE 230,,,,330,2,230.0,,,1.0,1.0,35.0,200.0,0.0,1.0,3.0,0.0,35.0,2.0,3.0,1.0,99.0
201100056139,11,5,1,655,5,1,1,2.0,7.0,550,AUTOROUTE A 62,,,,330,1,62.0,,,1.0,1.0,0.0,100.0,0.0,1.0,3.0,0.0,35.0,2.0,3.0,1.0,99.0
201100056140,11,5,4,1300,1,1,1,1.0,2.0,162,ROCADE A 630,,,,330,1,630.0,,,3.0,4.0,11.0,300.0,0.0,1.0,1.0,50.0,140.0,1.0,0.0,1.0,99.0
201100056141,11,5,5,1850,1,1,1,1.0,2.0,249,ROUTE NATIONALE 230,,,,330,2,230.0,,,3.0,6.0,43.0,500.0,0.0,1.0,1.0,5.0,210.0,1.0,0.0,1.0,99.0
201100056142,11,5,6,1815,1,1,1,1.0,5.0,39,ROUTE NATIONALE 230,,,,330,2,230.0,,,3.0,6.0,34.0,300.0,0.0,1.0,1.0,5.0,210.0,1.0,2.0,1.0,0.0
201100056143,11,5,8,235,5,1,1,1.0,6.0,167,ROUTE NATIONALE 230,,,,330,2,230.0,,,3.0,6.0,36.0,900.0,0.0,1.0,1.0,5.0,210.0,1.0,0.0,1.0,99.0
201100056144,11,5,9,800,1,1,1,1.0,5.0,192,ROCADE A 630,,,,330,1,630.0,,,3.0,6.0,26.0,950.0,0.0,1.0,1.0,5.0,210.0,1.0,0.0,1.0,99.0
201100056145,11,5,9,900,1,1,1,1.0,4.0,249,ROCADE A 630,,,,330,1,630.0,,,3.0,6.0,3.0,0.0,0.0,2.0,1.0,5.0,210.0,1.0,2.0,1.0,99.0
201100056146,11,5,9,2215,5,1,1,1.0,5.0,119,ROUTE NATIONALE 230,,,,330,2,230.0,,,3.0,6.0,40.0,700.0,0.0,1.0,1.0,5.0,210.0,1.0,0.0,1.0,99.0
201100056147,11,5,10,630,3,1,1,1.0,2.0,366,AUTOROUTE A 10,,,,330,1,10.0,,,3.0,6.0,528.0,500.0,0.0,1.0,1.0,5.0,210.0,1.0,0.0,1.0,99.0
201100056148,11,5,10,2230,5,1,1,1.0,7.0,75,ROCADE A 630,,,,330,1,630.0,,,3.0,4.0,10.0,500.0,0.0,1.0,1.0,5.0,140.0,1.0,0.0,2.0,99.0
201100056149,11,5,12,2135,5,1,1,1.0,2.0,65,ROUTE NATIONALE 230,,,,330,2,230.0,,,3.0,6.0,34.0,800.0,0.0,1.0,1.0,5.0,210.0,1.0,0.0,1.0,99.0
201100056150,11,5,13,1105,1,1,1,1.0,5.0,167,ROUTE NATIONALE 230,,,,330,2,230.0,,,3.0,6.0,39.0,400.0,0.0,1.0,1.0,0.0,210.0,1.0,0.0,1.0,99.0
201100056151,11,5,14,1635,1,1,1,1.0,7.0,143,AUTOROUTE A 10,,,,330,1,10.0,,,3.0,6.0,533.0,500.0,0.0,1.0,1.0,20.0,210.0,1.0,0.0,1.0,99.0
201100056152,11,5,16,750,1,1,1,1.0,4.0,162,ROCADE A 630,,,,330,1,630.0,,,3.0,4.0,12.0,900.0,0.0,1.0,1.0,50.0,140.0,1.0,0.0,1.0,99.0
201100056153,11,5,16,820,1,1,1,1.0,2.0,397,AUTOROUTE A 10,,,,330,1,10.0,,,3.0,6.0,538.0,500.0,0.0,1.0,1.0,5.0,210.0,1.0,0.0,1.0,99.0
201100056154,11,5,17,845,1,1,1,1.0,3.0,318,ROCADE A 630,,,,330,1,630.0,,,3.0,4.0,24.0,700.0,0.0,1.0,1.0,0.0,140.0,1.0,0.0,1.0,99.0
201100056155,11,5,18,735,1,1,1,1.0,6.0,167,ROUTE NATIONALE 230,,,,330,2,230.0,,,3.0,6.0,38.0,750.0,0.0,1.0,1.0,5.0,210.0,1.0,0.0,1.0,99.0
201100056156,11,5,18,745,1,1,1,1.0,5.0,75,ROCADE A 630,,,,330,1,630.0,,,3.0,4.0,9.0,400.0,0.0,1.0,2.0,100.0,140.0,1.0,0.0,1.0,99.0
201100056157,11,5,21,1625,1,1,1,1.0,3.0,167,ROUTE NATIONALE 230,,,,330,2,230.0,,,3.0,6.0,39.0,50.0,0.0,1.0,1.0,5.0,210.0,1.0,3.0,1.0,99.0
201100056158,11,5,25,800,1,1,1,1.0,3.0,318,ROCADE A 630,,,,330,1,630.0,,,3.0,4.0,23.0,500.0,0.0,1.0,2.0,50.0,140.0,1.0,0.0,1.0,99.0
201100056159,11,5,25,1040,1,1,1,1.0,2.0,39,ROCADE A 630,,,,330,1,630.0,,,3.0,6.0,33.0,100.0,0.0,1.0,1.0,5.0,210.0,1.0,0.0,1.0,99.0
201100056160,11,5,26,810,1,1,1,1.0,2.0,550,ROCADE A 630,,,,330,1,630.0,,,3.0,6.0,32.0,500.0,0.0,1.0,1.0,10.0,210.0,1.0,0.0,1.0,99.0
201100056161,11,5,29,340,5,1,1,1.0,7.0,550,ROCADE A 630,,,,330,1,630.0,,,3.0,6.0,29.0,0.0,0.0,1.0,1.0,0.0,210.0,1.0,0.0,1.0,99.0
201100056162,11,5,30,925,1,1,1,1.0,3.0,39,ROUTE NATIONALE 230,,,,330,1,230.0,,,3.0,6.0,34.0,500.0,0.0,2.0,1.0,5.0,210.0,1.0,0.0,1.0,99.0
201100056163,11,6,1,1320,1,1,1,1.0,3.0,119,ROUTE NATIONALE 230,,,,330,2,230.0,,,3.0,6.0,42.0,0.0,0.0,1.0,1.0,10.0,210.0,1.0,0.0,1.0,99.0
201100056164,11,6,3,1445,1,1,1,1.0,4.0,249,ROUTE NATIONALE 230,,,,330,2,230.0,,,3.0,7.0,42.0,605.0,0.0,1.0,1.0,5.0,245.0,1.0,3.0,1.0,99.0
201100056165,11,6,6,845,1,1,1,1.0,3.0,281,ROCADE A 630,,,,330,1,630.0,,,3.0,4.0,14.0,1.0,0.0,1.0,1.0,50.0,140.0,1.0,0.0,1.0,99.0
201100056166,11,6,6,1805,1,1,1,1.0,4.0,63,ROCADE A 630,,,,330,1,630.0,,,3.0,4.0,6.0,500.0,0.0,1.0,1.0,100.0,140.0,1.0,0.0,1.0,99.0
201100056167,11,6,8,450,5,1,1,1.0,3.0,397,AUTOROUTE A 10,,,,330,1,10.0,,,3.0,6.0,538.0,200.0,0.0,1.0,1.0,5.0,210.0,1.0,0.0,1.0,99.0