Num_Acc,an,mois,jour,hrmn,lum,agg,int,atm,col,com,adr,gps,lat,long,dep,catr,voie,v1,v2,circ,nbv,pr,pr1,vosp,prof,plan,lartpc,larrout,surf,infra,situ,env1
201100056168,11,6,10,730,1,1,1,1.0,7.0,550,AUTOROUTE A 62,,,,330,1,62.0,,,3.0,4.0,0.0,800.0,0.0,1.0,1.0,60.0,140.0,1.0,0.0,3.0,99.0
201100056169,11,6,12,1340,1,1,1,1.0,6.0,487,AUTOROUTE A 10,,,,330,1,10.0,,,3.0,6.0,535.0,0.0,0.0,1.0,1.0,5.0,210.0,1.0,0.0,1.0,99.0
201100056170,11,6,14,740,1,1,1,1.0,3.0,162,ROCADE A 630,,,,330,1,630.0,,,2.0,4.0,12.0,300.0,0.0,1.0,1.0,80.0,140.0,1.0,0.0,1.0,3.0
201100056171,11,6,14,1920,1,1,1,1.0,4.0,122,AUTOROUTE A 63,,,,330,1,63.0,,,3.0,4.0,11.0,800.0,0.0,1.0,1.0,60.0,140.0,1.0,0.0,1.0,99.0
201100056172,11,6,15,715,5,1,1,1.0,2.0,281,ROCADE A 630,,,,330,1,630.0,,,3.0,4.0,15.0,400.0,0.0,1.0,1.0,80.0,140.0,1.0,0.0,1.0,0.0
201100056173,11,6,15,1030,1,1,1,1.0,3.0,192,AUTOROUTE A 63,,,,330,1,63.0,,,1.0,3.0,1.0,0.0,0.0,1.0,1.0,50.0,105.0,1.0,3.0,1.0,99.0
201100056174,11,6,24,1730,1,1,1,1.0,2.0,281,ROCADE A 630,,,,330,1,630.0,,,3.0,6.0,14.0,200.0,0.0,1.0,1.0,50.0,140.0,1.0,0.0,0.0,99.0
201100056175,11,6,30,745,1,1,1,1.0,2.0,3,AUTOROUTE A 10,,,,330,1,10.0,,,3.0,6.0,537.0,300.0,0.0,1.0,1.0,5.0,210.0,1.0,0.0,0.0,99.0
201100056176,11,7,2,550,5,1,1,1.0,6.0,318,ROCADE A 630,,,,330,1,630.0,,,3.0,4.0,22.0,275.0,0.0,1.0,1.0,80.0,140.0,1.0,0.0,1.0,99.0
201100056177,11,7,3,415,3,1,1,1.0,2.0,90,AUTOROUTE A 63,,,,330,1,63.0,,,3.0,4.0,3.0,200.0,0.0,1.0,1.0,80.0,140.0,1.0,0.0,1.0,99.0
201100056178,11,7,4,30,5,1,1,1.0,2.0,249,ROCADE A 630,,,,330,2,630.0,,,3.0,6.0,2.0,500.0,0.0,1.0,2.0,5.0,210.0,1.0,0.0,1.0,0.0
201100056179,11,7,5,840,1,1,1,1.0,2.0,75,ROCADE A 630,,,,330,1,630.0,,,3.0,4.0,9.0,0.0,0.0,1.0,1.0,80.0,140.0,1.0,0.0,1.0,99.0
201100056180,11,7,8,1720,1,1,1,1.0,2.0,550,ROCADE A 630,,,,330,1,630.0,,,3.0,6.0,28.0,1.0,0.0,1.0,1.0,5.0,210.0,1.0,0.0,1.0,99.0
201100056181,11,7,9,215,5,1,1,1.0,6.0,39,ROCADE A 630,,,,330,1,630.0,,,3.0,6.0,33.0,0.0,0.0,1.0,3.0,5.0,210.0,1.0,3.0,1.0,0.0
201100056182,11,7,10,1545,1,1,1,1.0,6.0,249,ROCADE A 630,,,,330,1,630.0,,,2.0,1.0,2.0,0.0,1.0,1.0,1.0,0.0,30.0,1.0,0.0,5.0,99.0
201100056183,11,7,13,2210,5,1,1,1.0,6.0,249,ROCADE A 630,,,,330,1,630.0,,,3.0,6.0,3.0,0.0,0.0,1.0,1.0,5.0,210.0,1.0,2.0,1.0,99.0
201100056184,11,7,20,2215,3,1,1,1.0,2.0,23,AUTOROUTE A 62,,,,330,1,62.0,,,3.0,4.0,9.0,600.0,0.0,1.0,1.0,30.0,140.0,1.0,0.0,1.0,0.0
201100056185,11,7,15,2330,5,1,1,1.0,2.0,249,ROCADE A 630,,,,330,1,630.0,,,3.0,6.0,2.0,500.0,0.0,1.0,1.0,5.0,210.0,1.0,0.0,1.0,99.0
201100056186,11,7,17,1725,1,1,1,1.0,6.0,281,ROCADE A 630,,,,330,1,630.0,,,3.0,4.0,14.0,5.0,0.0,1.0,4.0,0.0,35.0,1.0,3.0,1.0,99.0
201100056187,11,7,20,1310,1,1,1,1.0,6.0,162,ROCADE A 630,,,,330,1,630.0,,,3.0,4.0,12.0,0.0,0.0,1.0,1.0,60.0,140.0,1.0,0.0,1.0,99.0
201100056188,11,7,22,1515,1,1,1,2.0,6.0,63,ROCADE A 630,,,,330,9,630.0,,,1.0,1.0,5.0,0.0,0.0,1.0,2.0,0.0,35.0,2.0,3.0,1.0,99.0
201100056189,11,7,20,1740,1,1,1,2.0,6.0,192,ROCADE A 630,,,,330,1,630.0,,,1.0,2.0,25.0,300.0,0.0,1.0,2.0,0.0,70.0,2.0,3.0,1.0,99.0
201100056190,11,7,23,2000,1,1,1,1.0,3.0,162,ROCADE A 630,,,,330,1,630.0,,,3.0,4.0,10.0,501.0,0.0,1.0,1.0,50.0,140.0,1.0,0.0,1.0,99.0
201100056191,11,7,25,810,1,1,1,3.0,6.0,318,ROCADE A 630,,,,330,1,630.0,,,1.0,2.0,25.0,0.0,3.0,1.0,2.0,0.0,70.0,2.0,3.0,1.0,99.0
201100056192,11,7,25,1305,1,1,1,3.0,5.0,366,AUTOROUTE A 10,,,,330,1,10.0,,,3.0,6.0,530.0,600.0,0.0,1.0,1.0,5.0,210.0,2.0,0.0,1.0,99.0
201100056193,11,7,25,1500,1,1,1,2.0,2.0,90,AUTOROUTE A 63,,,,330,1,63.0,,,3.0,4.0,4.0,800.0,0.0,1.0,1.0,50.0,140.0,2.0,0.0,1.0,99.0
201100056194,11,7,26,1815,1,1,1,2.0,2.0,318,ROCADE A 630,,,,330,1,630.0,,,1.0,2.0,25.0,0.0,0.0,1.0,2.0,0.0,70.0,2.0,3.0,1.0,99.0
201100056195,11,7,27,1220,1,1,1,1.0,6.0,143,AUTOROUTE A 10,,,,330,1,10.0,,,3.0,6.0,532.0,770.0,0.0,1.0,1.0,5.0,210.0,1.0,0.0,1.0,99.0
201100056196,11,7,28,1805,1,1,1,1.0,2.0,318,AUTOROUTE A 63,,,,330,1,63.0,,,3.0,5.0,0.0,400.0,0.0,1.0,1.0,0.0,175.0,1.0,3.0,1.0,99.0
201100056197,11,7,30,5,5,1,1,1.0,4.0,96,AUTOROUTE A 10,,,,330,1,10.0,,,3.0,6.0,541.0,700.0,0.0,1.0,1.0,0.0,210.0,1.0,0.0,1.0,99.0
201100056198,11,8,4,2040,1,1,1,1.0,5.0,3,AUTOROUTE A 10,,,,330,1,10.0,,,3.0,6.0,536.0,200.0,0.0,2.0,1.0,50.0,210.0,1.0,0.0,1.0,99.0
201100056199,11,8,8,845,1,1,1,1.0,6.0,366,AUTOROUTE A 10,,,,330,1,10.0,,,3.0,8.0,528.0,860.0,0.0,1.0,3.0,15.0,280.0,1.0,3.0,2.0,0.0
201100056200,11,8,9,1725,1,1,1,1.0,3.0,39,ROCADE A 630,,,,330,1,630.0,,,3.0,4.0,32.0,800.0,0.0,1.0,1.0,20.0,140.0,1.0,0.0,1.0,99.0
201100056201,11,8,15,1050,1,1,1,2.0,2.0,96,AUTOROUTE A 10,,,,330,1,10.0,,,3.0,6.0,542.0,100.0,0.0,1.0,1.0,0.0,210.0,2.0,0.0,1.0,99.0
201100056202,11,8,24,800,1,1,1,2.0,5.0,39,ROCADE A 631,,,,330,1,631.0,,,3.0,6.0,35.0,400.0,0.0,1.0,1.0,0.0,210.0,2.0,0.0,1.0,99.0
201100056203,11,8,24,945,1,1,1,2.0,3.0,318,ROCADE A 630,,,,330,1,630.0,,,1.0,2.0,25.0,0.0,0.0,2.0,3.0,25.0,70.0,2.0,3.0,1.0,99.0
201100056204,11,8,29,1730,1,1,1,1.0,4.0,119,ROUTE NATIONALE 230,,,,330,2,230.0,,,3.0,6.0,41.0,770.0,0.0,1.0,1.0,5.0,210.0,1.0,0.0,1.0,99.0
201100056205,11,9,1,35,4,1,1,1.0,7.0,162,ROCADE A 630,,,,330,1,630.0,,,3.0,4.0,11.0,500.0,0.0,1.0,1.0,0.0,140.0,1.0,0.0,1.0,99.0
201100056206,11,9,1,835,1,1,1,1.0,2.0,122,AUTOROUTE A 63,,,,330,1,63.0,,,3.0,4.0,6.0,400.0,0.0,1.0,1.0,50.0,140.0,1.0,0.0,1.0,99.0
201100056207,11,9,1,1720,1,1,1,1.0,2.0,63,ROCADE A 630,,,,330,1,630.0,,,3.0,6.0,3.0,700.0,0.0,2.0,1.0,0.0,210.0,1.0,0.0,1.0,99.0
201100056208,11,9,2,545,4,1,9,1.0,6.0,167,ROUTE NATIONALE 230,,,,330,2,230.0,,,3.0,6.0,37.0,910.0,0.0,2.0,3.0,5.0,210.0,1.0,0.0,1.0,99.0
201100056209,11,9,7,1530,1,1,1,2.0,6.0,318,ROCADE A 630,,,,330,1,630.0,,,1.0,2.0,25.0,0.0,0.0,1.0,2.0,5.0,70.0,2.0,3.0,1.0,99.0
201100056210,11,9,8,820,1,1,1,2.0,2.0,39,ROCADE A 631,,,,330,1,631.0,,,3.0,6.0,35.0,0.0,0.0,1.0,1.0,10.0,210.0,2.0,0.0,1.0,99.0
201100056211,11,9,10,1055,1,1,1,1.0,4.0,249,AUTOROUTE A 10,,,,330,1,10.0,,,3.0,6.0,542.0,600.0,0.0,1.0,1.0,5.0,210.0,1.0,3.0,1.0,0.0
201100056212,11,9,11,1632,1,1,1,1.0,7.0,75,ROCADE A 630,,,,330,1,630.0,,,3.0,4.0,9.0,100.0,0.0,1.0,1.0,100.0,140.0,1.0,0.0,1.0,99.0
201100056213,11,9,15,1750,1,1,1,1.0,2.0,318,ROCADE A 630,,,,330,1,630.0,,,3.0,4.0,22.0,0.0,0.0,1.0,1.0,80.0,140.0,1.0,0.0,2.0,99.0
201100056214,11,9,16,1630,1,1,1,1.0,2.0,249,ROCADE A 630,,,,330,1,630.0,,,1.0,2.0,0.0,500.0,0.0,1.0,3.0,0.0,70.0,1.0,3.0,1.0,99.0
201100056215,11,9,20,820,1,1,1,1.0,4.0,75,ROCADE A 630,,,,330,1,630.0,,,3.0,4.0,9.0,700.0,0.0,1.0,1.0,100.0,140.0,1.0,0.0,1.0,99.0
201100056216,11,9,20,2045,2,1,1,1.0,3.0,249,ROUTE NATIONALE 230,,,,330,1,230.0,,,4.0,2.0,43.0,700.0,0.0,1.0,0.0,0.0,70.0,1.0,5.0,1.0,0.0
201100056217,11,9,25,2115,5,1,1,1.0,6.0,119,ROUTE NATIONALE 230,,,,330,2,230.0,,,3.0,6.0,40.0,700.0,0.0,2.0,3.0,0.0,210.0,1.0,0.0,1.0,99.0
201100056218,11,9,27,940,1,1,1,1.0,4.0,167,ROUTE NATIONALE 230,,,,330,2,230.0,,,2.0,6.0,39.0,100.0,0.0,2.0,3.0,5.0,210.0,1.0,0.0,2.0,99.0
201100056219,11,9,27,1735,1,1,1,1.0,3.0,550,ROCADE A 630,,,,330,1,630.0,,,3.0,6.0,29.0,800.0,0.0,1.0,1.0,10.0,210.0,1.0,0.0,1.0,0.0
201100056220,11,9,28,815,1,1,1,1.0,4.0,535,ROUTE NATIONALE 230,,,,330,2,230.0,,,3.0,6.0,38.0,200.0,0.0,1.0,1.0,5.0,210.0,1.0,0.0,1.0,0.0
201100056221,11,9,29,155,3,1,1,1.0,2.0,143,AUTOROUTE A 10,,,,330,1,10.0,,,3.0,6.0,533.0,0.0,0.0,1.0,1.0,15.0,210.0,1.0,0.0,1.0,0.0
201100056222,11,9,30,1550,1,1,1,1.0,7.0,122,AUTOROUTE A 63,,,,330,1,63.0,,,3.0,4.0,6.0,0.0,0.0,1.0,1.0,80.0,140.0,1.0,0.0,3.0,99.0
201100056223,11,10,1,1645,1,1,1,1.0,2.0,249,AUTOROUTE A 10,,,,330,1,10.0,,,3.0,7.0,542.0,600.0,0.0,1.0,1.0,15.0,140.0,1.0,0.0,1.0,0.0
201100056224,11,10,4,1805,1,1,1,1.0,3.0,550,ROCADE A 630,,,,330,1,630.0,,,3.0,6.0,30.0,800.0,0.0,1.0,1.0,15.0,210.0,1.0,0.0,1.0,0.0
201100056225,11,10,5,800,2,1,1,1.0,2.0,281,ROCADE A 630,,,,330,1,630.0,,,3.0,4.0,18.0,400.0,0.0,1.0,1.0,50.0,140.0,1.0,0.0,1.0,99.0
201100056226,11,10,5,1055,1,1,1,1.0,6.0,487,AUTOROUTE A 10,,,,330,1,10.0,,,3.0,6.0,536.0,0.0,0.0,1.0,1.0,15.0,210.0,1.0,0.0,1.0,0.0
201100056227,11,10,5,1730,1,1,1,1.0,7.0,192,ROCADE A 630,,,,330,1,630.0,,,3.0,6.0,26.0,250.0,0.0,1.0,1.0,5.0,210.0,1.0,0.0,1.0,99.0
201100056228,11,10,11,2150,4,1,1,1.0,7.0,192,ROCADE A 630,,,,330,1,630.0,,,3.0,6.0,26.0,600.0,0.0,1.0,1.0,5.0,210.0,1.0,0.0,1.0,3.0
201100056229,11,10,12,940,1,1,1,1.0,6.0,119,ROUTE NATIONALE 230,,,,330,2,230.0,,,3.0,6.0,41.0,0.0,0.0,1.0,1.0,10.0,210.0,1.0,0.0,1.0,0.0
201100056230,11,10,17,1755,1,1,1,1.0,2.0,281,ROCADE A 630,,,,330,1,630.0,,,3.0,4.0,17.0,600.0,0.0,1.0,1.0,50.0,140.0,1.0,0.0,1.0,99.0
201100056231,11,10,19,925,1,1,1,2.0,6.0,65,ROUTE NATIONALE 230,,,,330,2,230.0,,,3.0,8.0,35.0,200.0,0.0,1.0,3.0,15.0,140.0,2.0,3.0,1.0,0.0
201100056232,11,10,19,955,1,1,1,2.0,6.0,249,ROUTE NATIONALE 230,,,,330,2,230.0,,,3.0,8.0,44.0,100.0,0.0,4.0,2.0,15.0,140.0,2.0,3.0,0.0,0.0
201100056233,11,10,19,1500,1,1,1,1.0,6.0,318,ROCADE A 630,,,,330,1,630.0,,,3.0,4.0,22.0,0.0,0.0,1.0,1.0,50.0,140.0,1.0,0.0,1.0,99.0
201100056234,11,10,20,1035,1,1,1,1.0,3.0,249,ROUTE NATIONALE 230,,,,330,2,230.0,,,3.0,6.0,42.0,900.0,0.0,1.0,1.0,15.0,210.0,1.0,0.0,1.0,0.0
201100056235,11,10,22,120,5,1,1,1.0,6.0,550,ROCADE A 630,,,,330,1,630.0,,,3.0,8.0,31.0,50.0,0.0,1.0,1.0,15.0,280.0,1.0,3.0,1.0,0.0
201100056236,11,10,24,2035,3,1,1,2.0,2.0,122,AUTOROUTE A 63,,,,330,1,63.0,,,3.0,4.0,5.0,601.0,0.0,1.0,1.0,15.0,140.0,2.0,0.0,1.0,0.0
201100056237,11,10,26,1725,1,1,1,1.0,2.0,90,AUTOROUTE A 63,,,,330,1,63.0,,,3.0,4.0,5.0,230.0,0.0,1.0,1.0,15.0,140.0,1.0,0.0,1.0,0.0
201100056238,11,10,28,2325,3,1,1,1.0,2.0,487,AUTOROUTE A 10,,,,330,1,10.0,,,1.0,1.0,534.0,400.0,0.0,1.0,1.0,0.0,35.0,1.0,3.0,1.0,99.0
201100056239,11,10,29,1015,1,1,1,1.0,6.0,119,ROUTE NATIONALE 230,,,,330,2,230.0,,,3.0,6.0,42.0,400.0,0.0,1.0,1.0,5.0,210.0,1.0,0.0,1.0,99.0
201100056240,11,10,31,1930,2,1,1,1.0,6.0,397,AUTOROUTE A 10,,,,330,1,10.0,,,3.0,6.0,538.0,200.0,0.0,1.0,1.0,5.0,210.0,1.0,0.0,1.0,99.0
201100056241,11,11,3,845,1,1,1,2.0,3.0,39,ROCADE A 631,,,,330,1,631.0,,,3.0,6.0,34.0,100.0,0.0,1.0,1.0,15.0,210.0,2.0,0.0,1.0,0.0
201100056242,11,11,3,1720,1,1,1,2.0,6.0,75,ROCADE A 630,,,,330,2,630.0,,,3.0,4.0,10.0,169.0,0.0,1.0,1.0,50.0,140.0,2.0,0.0,1.0,99.0
201100056243,11,11,4,1935,5,1,1,2.0,5.0,550,ROCADE A 630,,,,330,1,630.0,,,3.0,6.0,29.0,800.0,0.0,1.0,1.0,15.0,210.0,2.0,0.0,1.0,0.0
201100056244,11,11,9,815,1,1,1,1.0,3.0,75,ROCADE A 630,,,,330,1,630.0,,,3.0,4.0,8.0,100.0,0.0,1.0,1.0,15.0,140.0,1.0,0.0,1.0,0.0
201100056245,11,11,9,905,1,1,1,1.0,2.0,535,ROUTE NATIONALE 230,,,,330,2,230.0,,,3.0,6.0,38.0,200.0,0.0,1.0,1.0,0.0,0.0,1.0,0.0,1.0,99.0
201100056246,11,11,10,1840,2,1,1,1.0,3.0,366,AUTOROUTE A 10,,,,330,1,10.0,,,3.0,6.0,529.0,300.0,0.0,1.0,1.0,5.0,210.0,1.0,0.0,1.0,99.0
201100056247,11,11,10,1920,3,1,1,1.0,4.0,366,AUTOROUTE A 10,,,,330,1,10.0,,,3.0,4.0,526.0,800.0,0.0,1.0,1.0,15.0,140.0,1.0,0.0,1.0,0.0
201100056248,11,11,14,1235,1,1,1,1.0,5.0,249,AUTOROUTE A 10,,,,330,1,10.0,,,3.0,7.0,542.0,450.0,0.0,1.0,1.0,15.0,245.0,1.0,0.0,1.0,0.0
201100056249,11,11,15,815,2,1,1,1.0,3.0,318,ROCADE A 630,,,,330,1,630.0,,,3.0,4.0,21.0,530.0,0.0,1.0,1.0,50.0,140.0,1.0,0.0,1.0,99.0
201100056250,11,11,16,900,1,1,1,1.0,4.0,249,ROUTE NATIONALE 230,,,,330,2,230.0,,,3.0,6.0,43.0,700.0,0.0,1.0,1.0,15.0,210.0,1.0,0.0,1.0,0.0
201100056251,11,11,21,1815,3,1,1,1.0,6.0,448,AUTOROUTE A 62,,,,330,1,62.0,,,3.0,4.0,6.0,500.0,0.0,1.0,1.0,5.0,140.0,1.0,0.0,3.0,99.0
201100056252,11,11,23,1755,5,1,1,1.0,2.0,550,ROCADE A 630,,,,330,1,630.0,,,3.0,6.0,31.0,200.0,0.0,1.0,3.0,15.0,210.0,1.0,0.0,1.0,0.0
201100056253,11,11,23,1820,5,1,1,1.0,4.0,249,ROUTE NATIONALE 230,,,,330,1,230.0,,,3.0,6.0,42.0,610.0,0.0,1.0,1.0,5.0,210.0,1.0,3.0,1.0,99.0
201100056254,11,11,24,1635,1,1,1,1.0,2.0,162,ROCADE A 630,,,,330,1,630.0,,,3.0,4.0,11.0,50.0,0.0,1.0,1.0,15.0,140.0,1.0,0.0,1.0,0.0
201100056255,11,11,29,845,1,1,1,1.0,2.0,550,ROCADE A 630,,,,330,1,630.0,,,3.0,6.0,31.0,400.0,0.0,1.0,1.0,5.0,210.0,1.0,0.0,1.0,99.0
201100056256,11,11,29,2335,4,1,1,2.0,6.0,162,ROCADE A 630,,,,330,1,630.0,,,3.0,4.0,11.0,500.0,0.0,1.0,1.0,15.0,140.0,2.0,3.0,1.0,0.0
201100056257,11,11,30,1735,1,1,1,1.0,3.0,75,ROCADE A 630,,,,330,1,630.0,,,3.0,4.0,9.0,100.0,1.0,1.0,1.0,50.0,140.0,1.0,0.0,1.0,99.0
201100056258,11,11,30,1725,1,1,1,1.0,2.0,318,ROCADE A 630,,,,330,1,630.0,,,3.0,6.0,25.0,0.0,0.0,1.0,1.0,15.0,210.0,1.0,3.0,1.0,0.0
201100056259,11,12,1,650,4,1,1,1.0,3.0,192,ROCADE A 630,,,,330,1,630.0,,,0.0,6.0,26.0,0.0,0.0,1.0,1.0,5.0,210.0,1.0,0.0,1.0,99.0
201100056260,11,12,1,855,1,1,1,1.0,2.0,249,ROCADE A 630,,,,330,1,630.0,,,3.0,4.0,1.0,850.0,0.0,1.0,1.0,25.0,140.0,1.0,0.0,1.0,0.0
201100056261,11,12,1,1655,1,1,1,1.0,6.0,249,ROUTE NATIONALE 230,,,,330,2,230.0,,,1.0,2.0,44.0,90.0,0.0,1.0,3.0,0.0,70.0,1.0,3.0,1.0,99.0
201100056262,11,12,1,2335,5,1,1,1.0,3.0,281,ROCADE A 630,,,,330,1,630.0,,,3.0,6.0,15.0,100.0,0.0,1.0,1.0,15.0,210.0,1.0,0.0,1.0,0.0
201100056263,11,12,2,1610,1,1,1,1.0,2.0,39,ROUTE NATIONALE 230,,,,330,2,230.0,,,3.0,6.0,34.0,200.0,0.0,1.0,1.0,5.0,210.0,1.0,0.0,1.0,99.0
201100056264,11,12,3,1625,1,1,1,2.0,6.0,550,ROCADE A 630,,,,330,1,630.0,,,3.0,4.0,31.0,0.0,0.0,1.0,2.0,15.0,140.0,2.0,3.0,1.0,0.0
201100056265,11,12,4,120,3,1,1,2.0,3.0,318,ROCADE A 630,,,,330,1,630.0,,,1.0,6.0,24.0,600.0,0.0,1.0,3.0,5.0,210.0,2.0,3.0,1.0,99.0
201100056266,11,12,4,1210,1,1,1,2.0,6.0,550,ROCADE A 630,,,,330,1,630.0,,,3.0,4.0,31.0,0.0,0.0,1.0,2.0,15.0,140.0,2.0,3.0,1.0,0.0
201100056267,11,12,4,1525,1,1,1,2.0,6.0,63,ROCADE A 631,,,,330,1,631.0,,,1.0,1.0,35.0,900.0,0.0,1.0,3.0,5.0,35.0,2.0,3.0,1.0,99.0
201100056268,11,12,4,1515,1,1,1,2.0,6.0,318,ROCADE A 630,,,,330,1,630.0,,,3.0,9.0,25.0,200.0,0.0,1.0,3.0,15.0,275.0,2.0,3.0,1.0,0.0
201100056269,11,12,4,1545,1,1,1,2.0,6.0,249,ROCADE A 630,,,,330,1,630.0,,,3.0,4.0,0.0,500.0,0.0,2.0,2.0,0.0,140.0,2.0,3.0,1.0,0.0
201100056270,11,12,5,920,1,1,1,2.0,6.0,281,ROCADE A 630,,,,330,1,630.0,,,3.0,4.0,18.0,100.0,0.0,1.0,1.0,80.0,140.0,2.0,0.0,1.0,99.0
201100056271,11,12,6,950,1,1,1,2.0,6.0,63,ROCADE A 630,,,,330,1,630.0,,,3.0,8.0,5.0,70.0,0.0,1.0,3.0,15.0,280.0,2.0,3.0,1.0,0.0
201100056272,11,12,7,1635,1,1,1,2.0,4.0,39,ROCADE A 630,,,,330,1,630.0,,,3.0,8.0,33.0,200.0,0.0,1.0,1.0,15.0,280.0,2.0,3.0,1.0,0.0
201100056273,11,12,8,815,2,1,1,1.0,5.0,192,ROCADE A 630,,,,330,1,630.0,,,3.0,6.0,27.0,200.0,0.0,1.0,1.0,5.0,210.0,1.0,0.0,1.0,0.0
201100056274,11,12,8,1430,1,1,1,1.0,2.0,122,AUTOROUTE A 63,,,,330,1,63.0,,,3.0,4.0,8.0,200.0,0.0,1.0,1.0,50.0,140.0,2.0,0.0,1.0,0.0
201100056275,11,12,9,545,5,1,1,2.0,6.0,65,ROUTE NATIONALE 230,,,,330,2,230.0,,,3.0,6.0,34.0,990.0,0.0,1.0,1.0,5.0,210.0,1.0,0.0,1.0,99.0
201100056276,11,12,9,1930,5,1,1,2.0,4.0,550,ROCADE A 630,,,,330,1,630.0,,,3.0,6.0,30.0,500.0,0.0,1.0,1.0,5.0,210.0,2.0,0.0,1.0,99.0
201100056277,11,12,12,835,1,1,1,2.0,3.0,397,AUTOROUTE A 10,,,,330,1,10.0,,,3.0,6.0,539.0,0.0,0.0,1.0,1.0,15.0,210.0,2.0,0.0,1.0,0.0
201100056278,11,12,12,1815,5,1,1,1.0,2.0,119,ROUTE NATIONALE 230,,,,330,2,230.0,,,3.0,6.0,42.0,0.0,0.0,1.0,1.0,5.0,210.0,1.0,0.0,1.0,99.0
201100056279,11,12,13,2040,5,1,1,2.0,6.0,39,ROCADE A 631,,,,330,1,631.0,,,3.0,6.0,34.0,800.0,0.0,1.0,1.0,15.0,210.0,2.0,0.0,1.0,0.0
201100056280,11,12,16,1345,1,1,1,2.0,3.0,550,ROCADE A 630,,,,330,1,630.0,,,3.0,6.0,29.0,350.0,0.0,1.0,1.0,5.0,210.0,2.0,0.0,1.0,99.0
201100056281,11,12,17,645,3,1,1,2.0,4.0,122,AUTOROUTE A 63,,,,330,1,63.0,,,3.0,4.0,6.0,500.0,0.0,1.0,1.0,50.0,140.0,2.0,0.0,1.0,0.0
201100056282,11,12,17,1900,5,1,1,3.0,3.0,318,ROCADE A 630,,,,330,1,630.0,,,3.0,4.0,25.0,0.0,0.0,1.0,1.0,80.0,140.0,2.0,3.0,1.0,0.0
201100056283,11,12,19,630,5,1,1,2.0,5.0,397,AUTOROUTE A 10,,,,330,1,10.0,,,3.0,6.0,538.0,300.0,0.0,1.0,1.0,5.0,210.0,2.0,0.0,1.0,99.0
201100056284,11,12,19,1550,1,1,1,2.0,4.0,39,ROCADE A 630,,,,330,1,630.0,,,3.0,6.0,33.0,0.0,0.0,1.0,1.0,5.0,210.0,2.0,0.0,1.0,99.0
201100056285,11,12,27,1300,1,1,1,1.0,2.0,366,AUTOROUTE A 10,,,,330,1,10.0,,,3.0,6.0,530.0,100.0,0.0,1.0,1.0,15.0,210.0,1.0,0.0,1.0,0.0